name,address,phone,type,email
"мини-центр ""ТИМАЗ""","ул. Декабристов, 32","87017131817, 87273981061",дошкольный мини-центр,sunny.madina27@mail.ru
"мини-центр ""Baldyrgan shak""","ул. Нурсая, 10","87073190872, 87073190872",дошкольный мини-центр,taugul_93@mail.ru
"Детский центр ""Казына""","мкр. Жас канат, 212/5","87019919601, 87009000730",детский сад,kazyna212@mail.ru
"Мини-центр ""Немере и компания""","ул. Каракалпакская, 12","87477427420, 87752047537",дошкольный мини-центр,anna.umtildaeva@mail.ru
Детский сад «Апельсин»,"ул. Карагандинская, 30","87772647339, 87772214387",детский сад,grafiv@gmail.com
"Детский сад ""ZauSam Commerce""","ул. Энгельса, 14","87071288851, 87272230104",детский сад,elvira_tokaeva@mail.ru
"Детский сад ""Алтын бала & K""","ул. Чехова, 37","87074267142, 87074267142",детский сад,guzelka_2790@mail.ru
"Детский сад ""ABVGDESHKA""","ул. Домбровского, 1","87074700705, 87472854439",детский сад,abvgdeshka.kz@mail.ru
"мини-центр ""Аистёнок""","ул. Елгина, 44","87017663867, 87272955881",дошкольный мини-центр,aistenok.kz@gmail.com
"Мини-центр ""Небесная радуга -1""","ул. Карельская, 72","87776154415, 87776154415",дошкольный мини-центр,Olesyasyprunova@gmail.com
"Детский сад ""Аиша""","ул. Саялы, 14","87473002512, 87272514252",детский сад,akhat54@mail.ru
"Детский сад ""Мимишка""","ул. Димитрова, 10","87757526846, 87272570137",детский сад,mimishka_18@mail.ru
"Детский Сад ""Родничок 6""","ул. Торгын, 11","87753196247, 87272450379",детский сад,fatya_hishanlo@mail.ru
"Детский сад при ЧУО ""Гимназия имени Марзии Турлыхановой""","пр. Сейфуллина, 68А","87073045588, 87272232509",детский сад,mektep.bolazhak@mail.ru
"Мини-центр ""Лучик солнца""","ул. Майское утро, 28а","87052339904, 87052339904",дошкольный мини-центр,nursaule-tohtarbaeva@mail.ru
"Детский сад ""АР ДА Компани""","ул. Карагандинская, 9","87018236628, 87018236628",детский сад,arda.kompani@mail.ru
"Детский сад ""Голубой парус""","ул. Гете, 396А","87073673899, 87272233904",детский сад,goluboiparus@mail.ru
"Детский сад ""Амина 2018""","ул. Бартольда, 52","87026675861, 87272786233",детский сад,zina_7676@bk.ru
"Детский сад ""Радость детства""","ул. Майлина, 166","87772380044, 87272512244",детский сад,ildana1504@mail.ru
"Мини-центр ""Табыс Ж.С.""","ул. Ладожская, 31","87472433703, 87272906091",дошкольный мини-центр,bulat_19-94@mail.ru
"Детский сад ""Алтын балалар""","ул. Айбасова, 49","87017406283, 87273834374",детский сад,sadik.altynbalalar@mail.ru
Детский сад «Гусельки»,"ул. Степана Разина, 94","87079614471, 87273854286",детский сад,guselki09@mail.ru
"Детский сад ""Вдохновение""","ул. Земнухова, 76","87472212438, 87078374021",детский сад,022889168@bk.ru
Детский сад «Страна Детства»,"ул. Волочаевская, 357","87770077227, 87272955756",детский сад,tctk@mail.ru
"Детский сад ""КҮН ШУАҚ""","ул. Дунентаева, 6/4","87016017606, 87016017606",детский сад,kun-shuak@mail.ru
"Мини-центр ""Еркетай и Дана""","ул. Стахановская, 50","87052020720, 87272234486",дошкольный мини-центр,zhanna.kibekova74@mail.ru
"Детский сад ""Энтузиаст 2""","мкр. Жас Канат, 580","87762956876, 87762956876",детский сад,laura_8_4@mail.ru
"Детский сад ""Сказка леса""","ул. Глазунова, 44А","87017994675, 87272944438",детский сад,sadik.lesnayaskazka@mail.ru
Детский сад «Маленькие звездочки»,"мкр. Жулдыз-2, 26 Б","87052100571, 87052100571",детский сад,littlestars@bk.ru
"Мини-центр ""А.А.Grand""","ул. Чкалова, 35","87751591071, 87272431759",дошкольный мини-центр,makhmudova.suzanna@mail.ru
"Детский сад ""АЗИМКА""","ул. Дегдара, 36/1","87071288851, 87071288851",детский сад,indigo2101@mail.ru
"Мини-центр ""D&D Menin Kunim""","ул. Бехтерева, 1а","87024653773, 87272232074",детский сад,gulbahram.z@mail.ru
"Детский сад ""Балапан City""","мкр. Жас Канат, 186/1","87078303404, 87771691996",детский сад,akdyrmayeva@qmail.com
"Мини-центр ""Е2С принт""","мкр. Жас Канат, 68","87472681425, 87759512752",дошкольный мини-центр,aida_aida23@mail.ru
"Детский сад ""Тимошка""","ул. Толегена Тажибаева, 26а","87052282887, 82722510835",детский сад,kulimhan_1959@mail.ru
"Мини-центр ""Happy Baby""","ул. Cвободная, 20/87","87776154415, 87776154415",дошкольный мини-центр,Olesyasyprunova@gmail.com
"Детский сад ""Жансая-Сәт""","ул. Зимняя, 18Б","87018241933, 87272519755",детский сад,rifkat_uvaliev@mail.ru
"Ясли-сад ""ALMAS ADAM""","ул. Рудаки, 95","87002045050, 87273824855",ясли-сад,sadik.almasadam@mail.ru
"Мини-центр ""АЛМАРКС-А""","мкр. Алтай 1, 25/2","87475994167, 87000888081",дошкольный мини-центр,detsad_almarks@mail.ru
"Мини-центр ""ЕРКЕМ-АЙ ГОЛД""","ул. Ижевская, 33","87762807555, 87762807555",детский сад,edb_07@mail.ru
Детский сад «Карусель»,"ул. Стахановская, 19","87012233635, 87012233635",детский сад,renelina@mail.ru
"Детский сад ""Зерде""","ул. Стасова, 34","87023831991, 87073511656",детский сад,toozerde@mail.ru
"Детский сад ""Куанар""","ул. Топчиева, 31В","87017605916, 87272278107",детский сад,tookuanar@mail.ru
"Детский сад ""Карусель"" 2","ул. Толстого, 5 В","87012233635, 87272214111",детский сад,renelina@mail.ru
"Детский сад ""Биржан К""","ул. Зимняя, 2","87759933766, 87272514858",детский сад,detsad_birzhan@mail.ru
"Детский сад ""Адель&F""","пр. Суюнбая, 661","87014849990, 87273828953",детский сад,adeltoo@mail.ru
"Детский сад ""Bakutalemi""","ул. Каракалпакская, 12","87083577148, 87083577148",детский сад,bakutalemi62@mail.ru
"Детский сад ""Кокетай""","ул. Дунентаева, 8/1","87473793485, 87272519975",детский сад,asemsemen@mail.ru
"Детский сад «АкЕрке""","ул. Белбулак, 20","87476204543, 87276204543",детский сад,gulnara.boranbae@mail.ru
"Детский сад ""Балдаурен""","ул. Ижевская, 33","87018260760, 87018260760",детский сад,sal2502@mail.ru
"Детский сад ""Болашак 2050""","ул. Жаяу Муса, 197","87772438008, 87273857002",ясли-сад,bolahak_2050@mail.ru
"Детский сад ""Кошахан""","22-я улица, 46","87056600228, 87771157838",детский сад,ktg_69@mail.ru
"Детский сад ""Zeine kids""","ул. Сарыарка, 1/3","87015195166, 87015195166",детский сад,dinara_80_80@mail.ru
"Детский сад ""Бақ - Бала""","ул. Баймагамбетова, 82/4","87021920717, 87021920717",детский сад,bak.bala@mail.ru
"Детский сад ""3 Кита""","ул. Щелково, 1","87472212438, 87003555207",детский сад,3_kita_almaty@bk.ru
"Детский ясли-сад ""Мурзилка-2021""","11-я улица, 9","87021067272, 87022727026",ясли-сад,gainiewa@mail.ru
"Детский сад ""Айтөре kids""","ул. Тараз, 54","87081611374, 87081611374",детский сад,aitorekids@mail.ru
"Детский сад ""Korkem-baby""","ул. Орджоникидзе, 269/22","87014109090, 87014109090",детский сад,korkem-baby@mail.ru
"Детский ясли-сад ""Еркетай""","ул. Соболева, 164","87076441209, 87272519975",ясли-сад,asemsemen@mail.ru
"Детский сад ""Sabira-A""","мкр. Жас қанат, 526А","87472201879, 87472201879",детский сад,too.sabira@mail.ru
"Детский сад ""АЙЗЕРЕ и К""","ул. Казангап, 21","87016169392, 87016169392",детский сад,Ainursad76@mail.ru
"Детский сад ""Mini Club""","ул. Ержанова, 134В","87087615743, 87785166641",детский сад,u.sydygalieva@gmail.com
"Детский сад ""Гүл-Ханым""","мкр. Жас канат, 600","87056371123, 87056371123",детский сад,bibigul6969@bk.ru
"Детский сад ""Care Kids""","ул. Кострамская, 52","87074966386, 87071376171",детский сад,care.kids23@mail.ru
"Детский сад ""РАЯНА и РАЯНА""","ул. Орджоникидзе, 235/25","87029285335, 87475098524",детский сад,vip.kaukaeva@mail.ru
Детский сад «Зейн»,"ул. Дулдул, 88","87762062183, 87762602183",детский сад,diana83_kz@mail.ru
"Детский сад ""Alembakuti""","мкр. Жас Канат, 122","87083577148, 87273848286",детский сад,alembakuty62@mail.ru
"Детский сад ""Аврора""","ул. Глинки, 4","87472212438, 87711500330",детский сад,Avrora_territoriya_detstva@bk.ru
Детский сад «Малышарики»,"4-я улица, 10","87079091121, 87079091121",детский сад,adilya-78@mail.ru
"Детский сад ""BAQ JAN""","22-я улица, 34","87021920717, 87021920717",детский сад,bak.jan@mail.ru
"Детский сад ""Аяу-Нұр""","15-я улица, 8","87074398438, 87074398438",детский сад,almaty.1987@inbox.ru
"Детский сад """"Жан-ұя kids 2""""","ул. Нажимеденова, 37","87027711040, 87027711040",детский сад,aigera_juman@mail.ru
"Детский сад ""BABY BOSS 888""","ул. Сұлтанбаева, 9","87073375925, 87073375925",детский сад,balbayevam@mail.ru
"Детский сад ""Назым сулу""","ул. Аширбек Сыгай, 12","87762991899, 87762991899",детский сад,Nazymsulu2023@gmail.com
"Детский сад ""Береке - Мармар""","ул. Береке, 40","87475000622, 87475000622",детский сад,bereke.marmar@mail.ru
"Ясли сад ""Жануя-2023""","ул. Мыңжылқы, 1","87471276470, 87471276470",ясли-сад,Janyia-2022@internet.ru
"Детский сад ""Дарын2024""","ул. Ер Төстік, 20","87058756170, 87058756170",детский сад,daryn.sad.24@mail.ru
"Детский сад ""Алем""","ул. Нурлы тан, 17","87075533537, 87478844851",детский сад,ail_220222@mail.ru
"Детский сад ""Алматинская математико-лингвистическая школа ""Самай""","ул. Аширбек Сыгай, 124","87051382293, 87273602036",детский сад,zulfira.avutova@mail.ru
"Детский сад ""Шапағат""","ул. Таргап, 117","87078709863, 87078709863",детский сад,asd@mail.ru
"Детский сад ""PATSHA AAA""","ул. Кенесары хана, 122/1","87075021981, 87083935625",детский сад,patsha_aaa@mail.ru
"Детский сад ""АруНаз балабақшасы""","ул. Жунисова, 119","87075021981, 87273527080",детский сад,too.arunaz@mail.ru
"Детский сад ""Munarat Almaty""","ул. Аширбек Сыгай, 96","87085751635, 87085751635",детский сад,munarat_almaty@mail.ru
"Детский сад ""ШерАли 2023""","ул. Каракулова, 24","87027415121, 87027415121",детский сад,gulnaz.akbieva@mail.ru
"Детский сад ""Нұрбала""","ул. Телжан Шонанулы, 78","87071410741, 87071410741",детский сад,dixonti_89@mail.ru
"Детский центр ""Kinder land""","ул. Ш. Айтматова, 71","87018034032, 87018034032",дошкольный мини-центр,fin_db@mail.ru
Детский сад «Алихан»,"ул. Нурпеисова, 204","87075555300, 87075555300",детский сад,Batyrhan.b@bk.ru
"Детский сад ""Сары Балапан""","ул. Тажибаева, 46","87076155683, 87076155683",детский сад,Sary.balapan.23@mail.ru
"Детский сад ""Малика-2023""","ул. Әшірбек Сығай, 84","87770306489, 87770306489",детский сад,Chudo.sad.18@mail.ru
"Детский сад ""Зейн""","ул. Сейдилда, 5","87076006648, 87052540136",детский сад,zeyin.sadik@gmail.com
"Детский сад ""AGANIN KIDS""","ул. Жеруйык, 3/66","87774522255, 87774522255",детский сад,aganin.kids@mail.ru
"Детский сад ""Ziatker-2023""","ул. Сығай, 39","87071627374, 87071627374",детский сад,gulshat-018@mail.ru
"Детский сад ""Top Kids 2""","ул. Кенжетаев, 119","87077808184, 87077808184",детский сад,aigera_juman@mail.ru
"Детский сад ""Аяла kids""","ул. Береке, 2/13","87782287347, 87272639365",детский сад,aptekaplus_24@mail.ru
"Детский сад ""Gulder kids""","ул. Даулеткерея, 107","87755420931, 87755420931",детский сад,gulderkids@mail.ru
"Детский сад ""Аңсаған-К""","ул. Ашимова, 343/2","87784909788, 87784909788",детский сад,dariga.kunai@mail.ru
"Детский сад ""Er-Asul""","ул. Жунисова, 73","87772812266, 87772812266",детский сад,dana_74@mail.ru
"Детский сад ""МЕРЕЙ ОБРАЗОВАТЕЛЬНЫЙ ЦЕНТР""","ул. Кенбаева, 22","87752285094, 87752285094",детский сад,aida.zhaylimicova@mail.ru
"Детский сад ""Happy kids home""","ул. Дала, 80","87478877720, 87478877720",детский сад,13kids@bk.ru
"Детский сад ""Би- Тұмар""","ул. Камысдала, 27","87471422225, 87015525565",детский сад,tolkyn-80-01@mail.ru
"Детский сад ""CӘТ-БЕРЕКЕ""","ул. Жунисова, 134/80","87079826412, 87057218939",детский сад,akzeresadik@mail.ru
"Детский сад ""Top Kids""","ул. Кенжетаев, 121","87074033737, 87074033737",детский сад,Topkids.kz@yandex.ru
"Детский сад ""Алтын Бала И К""","ул. Тарғап, 115","87072718841, 87273602002",детский сад,zhuldyz_altyn@mail.ru
"Детский сад ""Young Scholars Academy""","ул. Зеленая, 7","87079558479, 87005052404",детский сад,ysa.almaty@gmail.com
"Детский сад ""SUNSHINE 2""","ул. Актамберды жырау, 3","87072718841, 87072718841",детский сад,zhuldyz_altyn@mail.ru
"Детский сад ""AzaleaM""","ул. Герольда Бельгера, 55","87078172392, 87078172392",детский сад,azalea2021@mail.ru
"Детский сад ""Aizere 2020""","ул. Жунисова, 2/87","87071115830, 87071115830",детский сад,sadik.aizere2020@mail.ru
"Детский сад ""ErnarRai""","ул. Аханова, 71","87087055555, 87787779993",детский сад,baekova_1993_kz@mail.ru
"Детский сад ""Муслимхан""","ул. Аширбек Сыгай, 47","87076180807, 87076180807",детский сад,botakoz.taskaraeva@gmail.ru
"Детский сад ""Зейінді бала""","ул. Сейтметова, 129","87789777729, 87789777729",детский сад,aigera_juman@mail.ru
"Детский сад ""Нұр Бөбегі и К""","ул. Бердибай, 12","87013779907, 87013779907",детский сад,nurbobegi@mail.ru
"Мини-центр ""Альимран""","ул. Жидели, 17","87474627522, 87273609466",дошкольный мини-центр,alimran71@mail.ru
"Центр детского развития ""Раяна"", филиал","ул. Кенжетаева, 85","87012098004, 87012098004",детский сад,asultankhan@mail.ru
"Детский сад ""Жан-ұя kids""","ул. Кенесары хан, 52","87027711040, 87027711040",детский сад,Zhan_uya-kids@mail.ru
"Детский сад ""Планета счастья""","ул. Тополёвая, 43/44","87013800708, 87013800708",дошкольный мини-центр,happyplanetkz@mail.ru
"Детский сад ""Rauan""","ул. 7 линия, 103","87024023228, 87272270084",детский сад,rauan.sadik@bk.ru
"Детский сад ""КАМАЖАЙ 1""","ул. Озерная, 10","87015577986, 87015577986",детский сад,aizhan_bart@mail.ru
"Детский сад ""Уялы Балапан""","ул. Мынжылкы, 1","87776235395, 87711057473",детский сад,balabaksha-balapan.kz@mail.ru
"Детский сад ""Родничок-5""","ул. Аскарова, 13","87074447604, 87074447604",детский сад,sadikrodnichok2@mail.ru
"Детский сад ""Айымсұлу""","ул. Сагдиева, 63","87778210885, 87778210885",детский сад,Begim-94-94@mai.ru
"Мини-центр ""Медина-лидер""","ул. Диқан, 21","87714698771, 87273985424",дошкольный мини-центр,medina_lider@mail.ru
"Детский сад ""Мамино счастье""","ул. Жакыпбаева, 14","87756229406, 87756229406",детский сад,bektemiselena@gmail.com
"Детский сад ""Marzia ana""","ул. Жуалы, 163","87017396386, 87786894114",детский сад,balabaqsha_marzia_ana@mail.ru
"Детский сад ""Ұлан""","ул. Дархан, 36","87780999957, 87074857002",детский сад,too_ulan2022@mail.ru
"Ясли-сад ""Sabi land Almaty""","ул. Рыскулова, 115","87479213913, 87273394978",детский сад,sabilandalmaty2022@gmail.com
"Детский сад ""Unicoomkids""","ул. Жунисова, 61","87078149193, 87078149193",дошкольный мини-центр,margarita-kamens@mail.ru
"Детский сад ""Радуга 2""","ул. Таргап, 109","87077760206, 87273602006",дошкольный мини-центр,83sairan@gmail.com
"Мини-центр ""Чудо-детки""","ул. Таргап, 111","87758940486, 87758940486",дошкольный мини-центр,maruan74@mail.ru
"Мини-центр ""Медина-А""","Территория СТ Весна 65, 60","87754887997, 87273079885",дошкольный мини-центр,ms.ms.Laura@mail.ru
"Мини-центр ""Нұрбала"" (филиал - 1)","ул. Аспандиярова, 181","87071410741, 87071410741",дошкольный мини-центр,dixonti_89@mail.ru
"Мини-центр ""МерейАН""","ул. Актамберды жырау, 10","87074437790, 87074437790",дошкольный мини-центр,merey.detskiysad@mail.ru
"Ясли-сад ""Аружан""","ул. Лапина, 39","87473749939, 87473749939",дошкольный мини-центр,too_aruzhan@mail.ru
"Детский сад ""Happy kids""","ул. Балбыраун, 71","87750522202, 87273072070",детский сад,alsani@mail.ru
"Детский сад ""Нұрлы Таң-1""","ул. Балакаева, 65","87474070320, 87474070320",детский сад,rumil9_Bekbasarova@mail.ru
"Детский сад ""Бала-Дария""","ул. Айбергенова, 92","87784617967, 88778461796",детский сад,bala-daria@mail.ru
"Детский сад ""Балапандар""","ул. Арман, 101Б","87074377740, 87071115830",дошкольный мини-центр,aiganym1523@mail.ru
"Детский сад ""Актыным""","ул. Жунисова, 53","87751063787, 87272788823",детский сад,aigera_juman@mail.ru
"Детский сад ""Сұңқар""","ул. Айбергенова, 92","87029685555, 87029685555",детский сад,a.sauletai@mail.ru
"Детский сад ""Нұр Дария""","ул. Айбергенова, 45","87073039907, 87073039907",детский сад,nurdariya.detsad@mail.ru
"Детский сад ""Айдария""","ул. Сагдиев, 59","87057998939, 87272973667",детский сад,Aidarya_777@mail.ru
"Детский сад при воспитательном центре ""Ақбота"" (филиал)","ул. Жуалы, 41","87714154169, 87272331650",детский сад,V.Akbota_2016@mail.ru
"Детский сад ""АЙЛЫ АМИРЛАН""","ул. Аширбек Сыгай, 99","87055555514, 87055555514",детский сад,amirlan@mail.ru
"Детский сад ""Тамирис""","ул. Кенесары-Хан, 116","87013692855, 87272995636",детский сад,cvetlaha69@mail.ru
"Детский сад ""Талшын""","ул. Сейитбекова, 43","87715715551, 87715715551",детский сад,musali_77@mail.ru
Детский сад «Бала- Дария» филиал,"ул. Аширбек Сыгай, 55","87784617967, 88727385863",детский сад,baia-daria@mail.ru
"Детский сад ""Асылым""","ул. Ашимова, 259","87472414887, 87472414887",детский сад,ainash.knk@mail.ru
"Детский сад ""Салима-ДК Колибри""","ул. Талжанова, 52","87059063256, 87273672352",детский сад,kolibri.club@mail.ru
"Детский сад ""АЯНАТ""","ул. Аскарова, 28","87076604700, 87076604700",детский сад,aige_92@mail.ru
"Детский сад ""Дария Айша""","ул. Қыдырбеков, 60/1","87479386365, 87078788009",детский сад,Daria-aishasad@mail.ru
"Мини-центр ""Ақбота""","ул. Кали Надырова, 59","87018086616, 87273072996",дошкольный мини-центр,aqbotabaqsha@mail.ru
"Мини-центр ""Леопольд""","мкр. Астана, 38","87078347263, 87078347263",дошкольный мини-центр,ibraev_berik@mail.ru
"Мини-центр ""ABA progress""","ул. Жунисова, 81","87077767631, 87077767631",дошкольный мини-центр,abaprogress2022@gmail.com
"Детский сад ""ALATAU""","ул. Афцинао, 11","87071601565, 87071601565",детский сад,a.a.a_u@mail.ru
"Детский клуб ""Балдаурен""","ул. Сланова, 2","87013692855, 87013692855",детский сад,cvetlaha69@mail.ru
"Детский сад ""Айжан-Ырыс""","ул. Сагатова, 4а","87783459668, 87783459668",детский сад,detskiysad.ayzhan@mail.ru
"Детский сад ""QULYNSHAQ""","ул. Кыдырова, 18","87016006839, 87273818570",детский сад,Liazat888@mail.ru
"Мини-центр ""АВС+(эй би си плюс)""","ул. Бельгера, 59","87475542948, 87475542948",дошкольный мини-центр,abc888.abc@mail.ru
"Детский сад ""MARY POPPINS""","ул. Кали-Надырова, 98/1","87775498787, 87775498787",детский сад,danik777@inbox.ru
"Детский сад ""ЛИМПОПО""","ул. Аширбек Сыгай, 71","87078397376, 87272450671",детский сад,aldamiram@mail.ru
"Детский сад ""Дәстүр"" (филиал №3)","ул. Сейтметова, 16","87014509494, 87272264521",детский сад,z_akbota_88@mail.ru
"Детский сад ""БАТЫР-ШИФА""","ул. Кали Надырова, 4","87755167492, 87273050026",детский сад,abatyrhan12@mail.ru
"Детский сад ""Бағдаршам""","ул. Сагдиева, 87В","87002002258, 87002002258",детский сад,aigera_juman@mail.ru
"Детский сад ""Smart Children""","ул. Таргап, 111","87475295401, 87475295401",детский сад,syrlybaeva95@inbox.ru
Детский сад «АВС childcare»,"ул. Коркем, 3","87017440659, 87017264715",детский сад,aisha.ablaeva@mail.ru
"Мини-центр ""Нурлы шын""","ул. Таргап, 13","87075844848, 87075844848",дошкольный мини-центр,meruert.ossenova@mail.ru
"Детский сад ""Балапан""","ул. Жалкамыс, 1","87017583003, 87273720311",детский сад,rushka_d@mail.ru
"Детский сад ""Нұрбөпе""","ул. Герольда Бельгера, 57/1","87475989737, 87272970058",детский сад,miran.61@mail.ru
"Детский сад ""Ерсинтай""","ул. Аспандиярова, 83","87777760677, 87777760677",детский сад,Aerniyazova85@mail.ru
"Детский сад ""ЖАСДИМЕЙР""","ул. Кыдырова, 13","87471586809, 87273867142",детский сад,erlan_mgm@mail.ru
"Детский сад ""Кенгуренок-А""","ул. Сейтметова, 87","87086090072, 87083035009",детский сад,kengurenok@mail.ru
"Детский сад ""Нұрбала"" (филиал)","ул. Гроза, 141","87071410741, 87071410741",детский сад,nurbala@mail.ru
"Мини-центр ""Баракат 2017""","ул. Таргап, 122","87772506787, 87272441155",дошкольный мини-центр,myshka1987@mail.ru
"Детский сад ""Данышпан Алматы""","ул. Нурпеисова, 27а","87071156514, 87071156514",детский сад,aynurapesh333@gmail.com
"Детский сад ""Peekaboo""","ул. Таргап, 49","87074650727, 87074650727",детский сад,liazzat.orazbaieva.1972@mail.ru
"Детский сад ""Integral""","ул. Арман, 168","87077121561, 87273938684",детский сад,nurmatova.bakhytzhan@gmail.com
"Мини-центр ""Balazhan.kz""","ул. Айбергенова, 38А","87029685555, 87029685555",дошкольный мини-центр,a.sauletai@mail.ru
"Мини-центр ""Кошаканым""","ул. Сығай, 88","87781728258, 87781728258",дошкольный мини-центр,tolkyn111014@gmail.com
"Детский сад ""Бал-Дарын""","ул. Дала, 129","87774709589, 87774709589",детский сад,Aidar7770777@mail.ru
"Мини-центр ""Ақ Қайың 2017""","ул. Кабылбаева, 91","87089739239, 87089739239",дошкольный мини-центр,tilegenova2018@mail.ru
"Детский сад ""Бала шак""","ул. Акбата, 68","87016120404, 87272970060",детский сад,balashak.detskiysad@mail.ru
"Мини-центр ""Али-Ару""","ул. Усенова, 10","87751909452, 87751909452",дошкольный мини-центр,aigera_juman@mail.ru
"Мини-центр ""NG-CENTER""","ул. Мусабаева, 24","87017088182, 87017088182",дошкольный мини-центр,ngcenter@mail.ru
"Детский сад ""Сарқыт-А""","ул. Болатхан Тайжан, 29","87782222771, 87782222771",детский сад,Makpal.saparovna@bk.ru
"Детский сад ""Ақ-Аянұр""","ул. Ибрая Жакаева, 85","87477061185, 87053356915",детский сад,zainibakieva@mail.ru
"Детский сад ""Баттыл""","ул. Қарлығаш, 7","87773589687, 87773589687",детский сад,g.spanova@inbox.ru
Детский сад «АЙГОЛЕК-1»,"ул. Сейтметов, 102","87013600821, 87021746171",детский сад,toty.zhadauova@mail.ru
"Детский сад ""Ади""","ул. Даулеткерей, 25","87076270778, 87076270778",детский сад,anastasi.kiseleva.80@bk.ru
"Мини-центр ""БАЛАУСА-2018""","ул. 7-я линия, 105","87051166207, 87007247471",дошкольный мини-центр,balausa-2018@inbox.ru
"Детский сад ""Bаmbino""","ул. Кыдырбекова, 60/1","87777760677, 87273604206",детский сад,ersintai@mail.ru
"Детский сад "" Радуга""","ул. Таргап, 11","87077760206, 87273602006",детский сад,83sairan@gmail.com
"Детский сад ""Жануя""","ул. Бекешева, 4","87011894543, 87272392482",детский сад,bzhanuya@mail.ru
"Детский сад ""Нұрлы таң-1"" (филиал)","ул. Айтей Батыра, 68","87474070320, 87474070320",дошкольный мини-центр,rumil9_bekbasarova@mail.ru
"Детский сад ""Jungle kids""","ул. Абилова, 2","87782682023, 87782682023",дошкольный мини-центр,too.rakhel@mail.ru
"Мини-центр ""АБВГДейка+""","ул. Сарбайская, 69","87015567771, 87272346090",дошкольный мини-центр,advt2012@inbox.ru
Центр дошкольного воспитания «Sky Rainbow»,"ул. Карибжанова, 82","87072328415, 87272604715",детский сад,oliga2000@mail.ru
"Мини центр ""Солнышко kz""","ул. Татибекова, 59/33","87758976758, 87273742575",дошкольный мини-центр,radik_avakriyev@mail.ru
"Детский сад ""The Apple Tree International School""","ул. Курмангалиев, 42","87017223394, 87272939199",детский сад,info.komhot.preschool@gmail.com
"Мини-центр ""Бейбарыс""","ул. Луганского, 89","87078028876, 87272976362",дошкольный мини-центр,zhexembekova1962@mail.ru
"Детский сад ""Адеми""","ул. Луганского, 151","87772733710, 87272635747",детский сад,galinadoljenko@mail.ru
"Детский сад ""babycare1""","ул. Кастеева, 74","87015144134, 87272911161",детский сад,babycare2014@mail.ru
"Мини-центр ""Mikosha""","ул. Чимбулакская, 9","87713371057, 87273966578",дошкольный мини-центр,sad.mikosha@gmail.com
Центр дошкольного образования «Айголек»,"ул. Ақмешіт, 10/57","87015999888, 87272626453",дошкольный мини-центр,zhanna-nurlan@mail.ru
"Мини-центр ""АДИЭ""","ул. Шахтинская, 12","87756543388, 87019880738",дошкольный мини-центр,Despina_xxx@mail.ru
"Детский сад ""SymLynn""","ул. Затаевича, 77","87478183253, 87057709179",детский сад,info@oaa.kz
"Детский сад ""Koktobe""","ул. Найманбаева, 95","87012328261, 87272279898",детский сад,INFO2@KOKTOBEBALA.KZ
"Детский сад ""Балбөбек""","Территория СТ Жетысу, 39","87755962154, 87272471760",детский сад,balbobek.too@gmail.com
"Детский сад при ""Гимназия имени Марзии Турлыхановой""","ул. Шукшина, 87","87051009087, 87272609017",детский сад,balabaksha@bk.ru
"Детский сад ""Батыр Ел""","ул. Верненская, 73","87076680260, 87273846832",детский сад,tastanova_00@mail.ru
"Детский сад ""Ботақан""","ул. Есенберлина, 155","87055529393, 87272802065",детский сад,botakan.bala@mail.ru
"Мини-центр ""Радость Плюс""","ул. Елебекова, 12/1","87017150243, 87272620888",дошкольный мини-центр,lyazzat_1978@mail.ru
"Детский сад ""Kaz Бизнес Консалтинг""","ул. Ульяновская, 32","87012189232, 87272238089",детский сад,kunsuak1@mail.ru
"Детский сад ""My kid""","ул. Аманжола, 54","87021114630, 87021114630",детский сад,medeo.109@mail.ru
"Детский сад ""Lucky kids""","ул. Байтасова, 45А","87071056113, 87071056113",детский сад,lucky-kids@inbox.ru
"Ясли-сад ""Мирас""","ул. Зенкова, 52","87011497131, 87272221751",ясли-сад,info@miras-kids.kz
"Детский сад ""Alishka""","ул. Янушкевича, 49","87071880106, 87071880106",детский сад,detsad.alisha@bk.ru
"Центр детского развития ""Раяна""","ул. Чаплина, 25","87012098004, 87272425388",ясли-сад,toocdrrayana@mail.ru
"Детский сад при ""Частная школа ""Сенiм""","ул. Шашкин, 32а","87013729028, 87273286629",детский сад,senimschool@mail.ru
"Детский сад ""Панда""","ул. Орманова, 32 А","87073203464, 87073203464",детский сад,panda-panda-17@mail.ru
"Детский сад ""Айбар Жұлдыз""","ул. Алтын емел, 2","87071112220, 87272393774",детский сад,Aybar.zhuldyz@mail.ru
"Детский сад ""Rani""","ул. Жиренше, 75а","87019999495, 87272339497",детский сад,k.sulushash@mail.ru
"Детский сад ""ErnarRai""","ул. Шакшак Жанибека, 45/1","87058757529, 87273992587",детский сад,raigul.79ahm.9@bk.ru
"Детский сад ""Нұр-Айбек""","Улица Каркаралы, 27а","87028169977, 87272399307",детский сад,baxosh_2009@mail.ru
"Детский сад ""NZ - Partnership""","ул. Шухова, 2","87777042005, 87777042005",детский сад,berdibaev@mail.ru
"Детский сад ""Baby Town""","ул. Орманова, 119","87071112220, 87273852856",детский сад,info@babytown.kz
"Детский сад ""I-NAZ KIDS""","ул.Шакшак Жанибека, 45/2","87018448740, 87273992587",детский сад,nurbekova_gaziza@mail.ru
"Детский сад ""International Kindergarten Disneyland's""","ул. Жургенева, 58","87012227902, 87273862422",детский сад,disneyland.kindergarten@gmail.com
"Детский сад ""Талант""","ул. Митина, 23А","87776693895, 87776693895",детский сад,tastanbekovazhanat@rambler.ru
"Детский сад ""Villa Bambini""","ул. Таттимбета, 3","87014759955, 87014759955",детский сад,Leeangel@mail.ru
"Ясли-сад ""Еркем-Ай""","ул. Жамакаева, 93","87714037973, 87076078004",ясли-сад,aigera_juman@mail.ru
Детский сад «Baby Town» (филиал),"ул. Оспанова, 114","87012887532, 87272239148",детский сад,s.z.k@bk.ru
Мини-центр при «Школа Колледж «Көкіл»,"ул. Калдаякова, 25","87012102120, 87273824237",дошкольный мини-центр,kokil.kz@mail.ru
"Детский сад ""Еркетай""","ул. Каркаралы, 23а","87758581837, 87028414506",детский сад,karlygash.ametova@mail.ru
"Детский сад ""Солнечный лучик""","ул. Водная, 31","87011689996, 87272255849",детский сад,art-lotos@bk.ru
Детский сад «Карусель и Ко»,"ул. Карибжанова, 22","87017262528, 87273867081",детский сад,anfi2112@mail.ru
Детский сад «Эльсана»,"ул. Зверева, 28","87071376171, 87272916442",детский сад,elsana.dsad@mail.ru
"Детский сад ""StArt""","ул. Кармысова, 90","87013787776, 87272919260",детский сад,start2017start@mail.ru
"Дошкольный учебно-воспитательный центр ""Гармония""","ул. Найманбаева, 22/2","87770153142, 87717661982",детский сад,prestige_67@mail.ru
"Ясли-сад ""Академия-О""","ул. Уалиханова, 5","87770168778, 87272733438",ясли-сад,ksarymbaeva@bk.ru
"Филиал №1 Детский Сад ""Baby Hyp""","ул. Иштван Коныра, 86/43","87013810770, 87273834477",детский сад,baby_nur_2013@mail.ru
"Детский сад ""KULPASH""","ул. Жуковского, 7","87781156749, 87781156749",детский сад,sad.kulpasha_03@mail.ru
"Детский сад ""АлдиАмир","ул. Сырмак, 44А","87017150243, 87004004664",детский сад,lyazzat.duanbekova@mail.ru
"Детский сад ""Аликош""","ул. Домбыра, 28","87474291411, 87474291411",детский сад,Aruzhan.dulatkyzy@bk.ru
"Детский сад ""Smart Imperium""","ул. Луганского, 107Б","87025166178, 87025166178",детский сад,imk.dostyk@gmail.com
"Детский сад ""Little Baby""","ул. Орманова, 32А","87718220707, 87272938957",детский сад,little.baby.2020@mail.ru
"Мини-центр ""Падишах""","ул. Шоқай, 118А","87019999495, 87019999495",дошкольный мини-центр,k.sulushash@mail.ru
"Мини-центр ""Лия Сахан""","пр. Достык, 97Б","87016363638, 87273384338",дошкольный мини-центр,kinderland.sadik01@gmail.com
"Детский сад «Aqbesik»""","ул. Клубная, 24","87016542372, 87272345334",детский сад,aiko_16_08@mail.ru
"Дошкольный мини-центр ""Алтын Ұя""","ул. Бекхожина, 15","87754103400, 87270000000",дошкольный мини-центр,altyn-uya2019@mail.ru
"Детский сад ""Чудесная страна""","ул. Таттимбета, 3","87077888052, 87077888052",детский сад,svetmoi08@mail.ru
"Детский сад ""Бэби Сад""","ул. Каирбекова, 37","87071052222, 87272207547",детский сад,centralparkbk@gmail.com
"Детский сад ""Березка""","ул. Рубинштейна, 3а","87772659863, 87272621345",детский сад,berezka_hozu@mail.ru
"Мини-центр ""Cambridge Kids""","пр. Достык, 341","87475001761, 87272677592",дошкольный мини-центр,info@cambridge-kids.kz
"Детский сад ""Baby Hyp""","ул. Чекалина, 41","87013810770, 87273834546",детский сад,baby_nur_2013@mail.ru
"Детский сад ""Alina""","ул. Каирбекова, 68","87074404061, 87074404061",детский сад,embassyc@mail.ru
"Детский сад ""Умняшка""","ул. Ибрагимова, 105","87078831963, 87078831963",детский сад,umnyashka105@gmail.com
"Детский сад ""Madi kids""","ул. Нурмагамбетова, 182","87077781531, 87077781531",детский сад,medi.detki@mail.ru
"Детский сад ""ALTAIR kids""","ул. Хан-Тенгри, 37","87753402442, 87753402442",детский сад,аltair_kids@mail.ru
"Детский сад ""Colibri Kids Center""","Кульджинский тракт, 117","87012333848, 87018448740",детский сад,Nurbekova_gaziza@mail.ru
"Детский сад ""Gumi-Gumi""","ул. Кастеева, 90","87001900019, 87001900019",детский сад,ensepova91@mail.ru
"Детский сад ""Алина""","ул. Сахариева, 11","87017150243, 87017150243",детский сад,lyazzat1978@mail.ru
"Детский сад ""Дана Бала""","ул. Текемет, 40а","87075227801, 87075227801",детский сад,danabala.medeu@mail.ru
"Детский сад ""BabyBoom 3""","ул. Поповича, 45","87785296909, 87785296909",детский сад,bekturganov.1991@inbox.ru
"Детский сад ""Home Academy""","ул. Кыз Жибек, 119","87078917184, 87078917184",детский сад,olga.t.09@mail.ru
"Детский сад ""GRAMMY""","ул. Жамакаева, 46","87028037243, 87027947810",детский сад,bejbitgulzanbyrbaeva@gmail.com
"Детский сад ""Ayleen Kids""","ул. Есил, 5","87083763342, 87083763342",детский сад,Ayleen.kids@mail.ru
"Детский сад ""TILVALDY""","ул. Нурмагамбетова, 202","87001006513, 87001006513",детский сад,nargiza6513@mail.ru
"Детский сад ""Almaty Poznai-ka""","ул. Иванилова, 42В","87772698537, 87772698537",детский сад,poznai-ka@mail.ru
"Детский сад ""Madi kids Premium""","ул. Нурлыбаева, 31","87773571773, 87077777863",детский сад,madikids.premium@mail.ru
"Детский сад ""KASYM_KIDS""","ул. Келес, 4/1","87770942202, 87770942202",детский сад,kasym_kids@mail.ru
"Детский сад ""Kausar&her Golden friends""","ул. Құрманғалиева, 12","87780079991, 87780079991",детский сад,AkhmetovaFV@gmail.com
"Детский сад ""Kids Vector""","ул. Средняя, 34A","87011408241, 87273360633",детский сад,kids.vector1@gmail.com
"Детский сад ""Ai-bota""","ул. Аныракай, 6","87016542372, 87016542372",детский сад,ai-bota00@mail.ru
Детский сад «Ziyatkerim»,"ул. Байтасова, 14","87070501090, 87070501090",детский сад,ziyatkerymschool@gmail.com
"Детский сад ""ORKEN_BALABAQSHA""","мкр. Кокжиек, 60а","87055550774, 87055550774",детский сад,orken.balabasha@mail.ru
Детский сад «Bambi»,"мкр. Айнабулак-4, 167а","87776976757, 87776976778",детский сад,bambi_2023@mail.ru
"Детский сад ""Львёнок""","ул. Жансугуров, 250","87476767042, 87753196247",детский сад,fatya_hishanlo@mail.ru
"Детский сад ""Fortuna8"" (филиал)","ул. Нусупбекова, 94/22","87078181556, 87078181556",детский сад,emisovna@mail.ru
"Детский сад ""Kausar 222""","ул. Павлодарская, 135д","87071390072, 87079518306",детский сад,gulzat.68@mail.ru
"Детский сад ""Parasat-S""","мкр. Айнабулак-3, 172Е","87710003005, 87710003005",детский сад,alpamys888@bk.ru
"Детский сад ""Kausar sad""","ул. Мещерского, 110","87018166612, 87018166612",детский сад,Kausarsad@mail.ru
"Детский сад ""Kids smile""","ул. Новгородская, 5","87750522202, 87273333239",детский сад,alsani@mail.ru
"Детский сад ""Fortuna8""","ул. Брюсова, 16","87078181556, 87078181556",детский сад,djumagul.alieva@mail.ru
"Детский сад ""Изумрудный город""","ул. Брюсова, 16","87054637364, 87470530296",детский сад,ksu6a_08@mail.ru
"Детский сад ""Балапан 2013""","ул. Есим хана, 42Б","87059540974, 87279739640",детский сад,balapan.balapan13@mail.ru
"Детский сад ""АДИНА-Д""","ул. Табигат, 1","87781301717, 87781301717",детский сад,Janeka-2014@mail.ru
"Детский сад ""MadinArai""","ул. Сельская, 108","87758612684, 87758612684",детский сад,madinarai@mail.ru
"Детский сад ""Центр белый лебедь""","ул. Есим хана, 193","87078076605, 87272602851",детский сад,uchkach58@mail.ru
"Детский сад ""Султанкурган""","ул. Омарова, 23а","87013593329, 87272518210",детский сад,sultankurgan@mail.ru
"Детский сад ""Мадина -27""","ул. Молодежная, 69А","87017131817, 87273984245",детский сад,sunny.madina27@mail.ru
"Детский сад ""Дария 23""","ул. Пестковского, 54","87077479210, 87077479210",детский сад,z.konysbaeva@mail.ru
"""Детский сад"" на Джангильдина","ул. Жангильдина, 103","87022220632, 87273801341",детский сад,amirserikguljan@mail.ru
"Детский сад ""Sabi-bala""","мкр. Кокжиек, 50А","87021920717, 87273995583",детский сад,sabila_beybi@mail.ru
"Детский сад ""Джумагуль""","ул. Омарова, 14/1","87079091121, 87079091121",детский сад,adilya-78@mail.ru
"Образовательный центр ""Альтаир""","ул. Айтыкова, 14","87477500627, 87273670763",детский сад,altair.sadik@mail.ru
"Детский сад ""Тедди""","ул. Венецианова, 21А","87079059945, 87079059945",детский сад,teddy14@bk.ru
"Детский сад ""Умит Ай""","мкр. Кокжиек, 7а","87078378150, 87076127758",детский сад,alimakids@mail.ru
"Центр Детского Образования ""Happy Land""","ул. Вольная, 14/15","87772260626, 87273279644",детский сад,h-land12@mail.ru
"Детский сад ""Аиша""","ул. Саялы, 14","87473000687, 87473000687",детский сад,adilya-78@mail.ru
"Детский сад ""Ай-Лау""","ул. Фаворского, 12","87017440858, 87273843626",детский сад,ai.lau@mail.ru
"Детский сад ""БӨПЕШІМ""","ул. Парковая, 2","87021920717, 87021920717",детский сад,bopeshim@bk.ru
"Центр детского развития ""Имран-Ю""","ул. Омарова, 67А","87074211297, 87273858090",детский сад,maiya_88_86@mail.ru
Детский сад «Даниал»,"ул. Куратова, 58","87027516977, 87273973971",детский сад,saule_ssar@mail.ru
"Детский сад ""Қарлығаш1""","ул. Грушовая, 12а","87029457144, 87029457144",детский сад,ag.vet21@gmail.com
Детский сад «Мечта»,"ул. Минина, 24","87016102596, 87016102596",детский сад,diwka055@gmail.com
"Детский сад ""Atakent-kids""","ул. Клочкова, 167","87779602803, 87272747017",детский сад,atakent.kids@mail.ru
"Детский сад ""CLASSIC KINDERGARTEN""","ул. Айманова, 137","87011104020, 87273545103",детский сад,info@bestsad.kz
"Мини-центр ""Журавушка Baby""","ул. Маркова, 32","87776155454, 87273540448",дошкольный мини-центр,Natanatali_77@mail.ru
"Детский сад ""KIS""","пр. Аль-Фараби, 118/15","87775343939, 87273565000",детский сад,snurbek@kisnet.org
"Мини-центр ""Нұршашар""","мкр. Дарын, 7","87752055557, 87272472699",дошкольный мини-центр,meruert_702@mail.ru
"Ясли-сад ""Бала Қыран""","ул. Байкенова, 18","87074887311, 87074887311",ясли-сад,Marfuga1973mama@gmail.com
"Детский сад при ""Тамос Эдьюкейшн Физико-Математическая Школа""","ул. Салыкова, 140/1","87059855570, 87273470150",детский сад,osagandykova@mail.ru
"Детский сад ""Балашым""","ул. Попова, 27","87008877007, 87008877007",детский сад,balashym123@mail.ru
"Детский сад ""ST Advisory""","мкр. Орбита-4, 25А","87777569000, 87272547310",детский сад,detsad-solnishko@mail.ru
Детский сад «Нур Ай Лимитед»,"пр. Гагарина, 141 А","87011438284, 87011438284",детский сад,detsad-nurai@mail.ru
"Мини-центр ""Тангимо""","ул. Мельникайте, 14/2","87770784535, 87273024301",дошкольный мини-центр,ainura.kim@mail.ru
"Детский сад ""ЛИДЕР""","мкр. Орбита 4, 25б","87772609989, 87272547300",детский сад,leader_school@mail.ru
"Детский сад ""Zerdesh baksha""","ул. Жарокова, 356","87013570007, 87272993200",ясли-сад,dszerdesh@mail.ru
"Детский сад ""Маленький гений""","ул. Санаторная, 28","87017508338, 87017508338",детский сад,marina.strebkova@mail.ru
"Мини-центр ""ФТК Баганашыл""","ул. Молодежная, 4","87772291075, 87272991933",дошкольный мини-центр,fastrackids.baganashyl@mail.ru
"Детский сад ""Dostyk baby""","пр. Аль-фараби, 93/9","87016135008, 87273959582",детский сад,dostykbaby@mail.ru
"Ясли-сад ""Дарын""","мкр. Мирас, 42","87474034541, 87272993299",ясли-сад,too.daryn@bk.ru
"Мини-центр ""Монтессори Алма-Ата""","ул. Байшешек, 5","87010140730, 87272633338",дошкольный мини-центр,montessorialma-ata@outlook.com
"Детский сад ""Бэбисити 3""","ул. Кекилбайулы, 45","87789488893, 87789488893",детский сад,sadikbabycity@gmail.com
"Детский сад ""Tarlan kids""","ул. Кенесары хан, 67","87754439559, 87273415056",детский сад,tarlanschool@mail.ru
"Детский сад ""УМКА""","ул. Си Синхая, 1","87777113737, 87273964611",детский сад,umkanajarokova@mail.ru
"Детский сад ""Болашак""","пр. Сейфуллина, 544","87014507697, 87272675118",детский сад,bolashak.detskiisad@mail.ru
"Детский сад ""Компания N&N""","ул. Аскарова, 1","87770339196, 87770339196",детский сад,askarova.ftk@gmail.com
"Детский сад ""Балажан""","ул. Жандосова, 14","87781520906, 87473006446",детский сад,detsad.almaty@yandex.ru
"Мини-центр ""BEIBARYS-SULTAN""","мкр. Хан Тенгри, 89","87003030765, 87272268355",дошкольный мини-центр,sultanbeibarys.sun@gmail.com
"Детский сад ""Р-Мурагер 2""","ул. Санаторная, 12","87779306633, 87784183842",детский сад,Erubaevazhanar@list.ru
Детский сад «ЭЛКО»,"мкр. Орбита 3, 8а","87017991039, 87272425321",детский сад,elko50@mail.ru
"Мини-центр ""FasTracKids Kazakhstan""","ул. Нахимова, 37б","87011721393, 87273936753",дошкольный мини-центр,ftkkz@mail.ru
"""Умка"" Детский Центр","пр. Гагарина, 242","87776899527, 87776899527",дошкольный мини-центр,natalya_br@mail.ru
"Мини-центр ""Da Vinci kids""","ул. Кашгарская, 81А","87077232574, 87272922926",дошкольный мини-центр,maral.maral.1974@mail.ru
"Детский сад ""Зайка""","ул. Маркова, 9","87017370563, 87273296713",детский сад,zaikasadik@bk.ru
"Детский сад при ""Международная школа ""Мирас""","пр. Аль-Фараби, 190","87272421676, 87272421676",детский сад,secretary@miras.kz
"Детский сад ""Симба Kids""","ул. Кекилбайулы, 32А","87478425689, 87273964003",детский сад,rsz_66@mail.ru
"Детский сад ""ERKE A kids""","ул. Тажибаевой, 180","87017401128, 87273776282",детский сад,matrona.1128@gmail.com
"Детский сад ""Мидас""","ул. Журавлева, 22","87017238166, 87017238166",детский сад,sadikaigolek@mail.ru
"Мини-центр ""Наследник Kz""","мкр. Мирас, 157","87754863625, 87273111884",дошкольный мини-центр,naslednik_ds@mail.ru
"Детский сад ""Кулагер""","мкр. Казахфильм, 45","87772096227, 87272696224",детский сад,kulager.detsad@rambler.ru
"Детский сад ""KidsClub""","ул. Рыскулбекова, 28/3","87052295599, 87073297240",детский сад,bbbaital@mail.ru
"Детский сад ""Wunderkinds""","мкр. Хан Тенгри, 127А","87012222552, 87070492258",детский сад,Samal-aaa91@mail.ru
"Детский сад ""Школа Данышпан""","ул. Ходжанова, 77/5","87017116927, 87017116927",детский сад,nurmazhanara@mail.ru
"Мини-центр ""Damina""","ул. Подгорная, 14А","87078100020, 87078100020",дошкольный мини-центр,Zhazira@damina.kz
"Детский сад ""Алгабас-3","ул. Озтюрка, 5А","87012669226, 87072277077",детский сад,algabas-3@mail.ru
"Филиал ""Образовательного комплекса школы ""First""","мкр. Мирас, 59","87777909099, 87273114105",дошкольный мини-центр,semey-first@mail.ru
"Детский сад ""Ахмадиева""","ул. Подгорная, 25/2","87077757313, 87077757313",дошкольный мини-центр,t.zhaika@mail.ru
"Детский сад ""SmART Kids""","ул. Умбетбаева, 216","87772255959, 87273379222",детский сад,smart_kids@list.ru
"Детский сад ""Хан-Султан 3""","ул. Болтирикова, 88","87012672264, 87051119646",детский сад,Hansultan.sadik@mail.ru
"Детский сад ""Альтар""","ул. Булбул, 8/2","87072442230, 87072442230",дошкольный мини-центр,2442230@mail.ru
"Детский сад ""Болашак галым""","ул. Жарокова, 278А","87789453345, 87272476230",детский сад,Bosepid@mail.ru
"Центр раннего развития детей ""JADO""","ул. Жарокова, 260В","87014075577, 87014075577",детский сад,jado.detsad@mail.ru
"Детский сад ""Smart Korkem""","мкр. Коктем-1, 11","87003311983, 87003311983",детский сад,Korkem_smart@mail.ru
"Детский сад ""MonteKids""","ул. Кенесарыхан, 143/1","87474392636, 87474392639",детский сад,temirbekova_tatyana@mai.ru
"Детский сад ""Sana Balabaqsha""","ул. Навои, 208/7","87025002568, 87025002568",детский сад,s.amanova93@mail.ru
"Детский сад ""Ainalaiyn Kids""","ул. Торанғы, 38","87017169900, 87017169900",детский сад,LuckyDucky@gmail.com
"Детский сад ""Baby Boom education""","ул. Ходжанова, 59/4","87478052837, 87478052837",детский сад,Sokankulenov@gmail.com
"Детский сад ""П_Ramida""","ул. Огородная, 10","87787952233, 87787959955",детский сад,kamilla.co@gmail.com
"Детский сад ""Айару""","ул. Попова, 22","87012222552, 87012222552",детский сад,Samal-aaa91@mail.ru
"Детский сад ""Соломон эдьюкейшн""","мкр. Хан Тенгри, 79","87002618005, 87002618005",детский сад,azhanchuakova@bk.ru
"Детский сад ""Samruk Kids Club""","ул. Ораза Абишева, 46","87760760009, 87058658551",детский сад,s.kidsclub@mail.ru
"Детский сад ""Magic Kingdom""","ул. Тажибаева, 157/2","87013095809, 87478222159",детский сад,mkingdom0111@gmail.com
"Детский сад ""DAYIR-ALMATY""","мкр. Хан Тенгри, 84","87019404482, 87756898255",детский сад,sarsenova.n2016@mail.ru
"Ясли-сад ""Зердеш-3""","ул. Болтириковой, 50","87477418141, 87711111142",детский сад,dszerdesh@mail.ru
"Детский сад ""МЕГА КИДС"" (филиал)","11-я улица, 8","87018886091, 87018886091",детский сад,ds_megakids@mail.ru
"Детский сад ""Mykid2""","6-я улица, 25","87017536913, 87017536913",детский сад,aldeke04@yandex.kz
"Детский сад ""ALEM SCHOOL.KZ""","ул. Жарокова, 358","87758021724, 87758021724",детский сад,alem_scholl.kz@mail.ru
Детский сад Qoshaqan,"ул. Тимирязева, 15A","87762458440, 87079110378",детский сад,qoshaqan.balabaqshasy@gmail.com
"Детский сад ""Friends Education""","ул. Абиша Кекилбайулы, 179","87077971040, 87077971040",детский сад,kimsales@bk.ru
"Детский сад ""Аль-Фараби""","ул. Рафика Нуртазина, 79","87012222552, 87012222552",детский сад,Samal-aaa91@mail.ru
"Детский сад ""Elite Kids Academy 1""","Территория СТ Ремизовка, 6","87021495556, 87021495556",детский сад,elitekidssite@gmail.com
"Детский сад ""Ordagen Management""","Микрорайон Хан-Тенгри, 7","87019172085, 87755370809",,info@babyboom.education
Детский сад «Sparks Preschool»,"мкр. Мирас, 160","87087051885, 87087051885",детский сад,sparks.kaz@gmail.com
"Детский сад ""Город друзей""","5-й переулок, 14","87087160878, 87087160878",детский сад,goroddruzeikz@gmail.com
"Детский сад ""Elite Child""","ул. Байшешек, 1","87002101881, 87002101881",детский сад,asel.amandosova@bk.ru
"Детский сад ""ALASH kids""","пр. Аль-Фараби, 75","87719111919, 87719111919",детский сад,alash.kids@mail.ru
"Детский сад ""Эрудиты""","ул. 20 линия, 62","87789108210, 87013228083",детский сад,aselmalgazdarova001@gmail.com
"Детский сад ""Умка""","ул. Киргизская, 2","87758159222, 87273964611",детский сад,Zcumka@mail.ru
"Детский сад ""Уайз Кидс""","ул. Кольсай, 31","87017445113, 87018716676",детский сад,wisekids.almaty@gmail.com
"Детский сад ""Friends Education 2""","ул. Манаша Козыбаева, 26","87077971040, 87077971040",детский сад,kimsales@bk.ru
"Детский сад ""QazBaby""","ул. Бұлбұл, 17","87072259840, 87072259840",ясли-сад,qaz.baby@yandex.kz
Детский центр «Кайсар»,"ул. Тажибаевой, 176","87477107330, 87273775870",детский сад,kaysar.detcentr@gmail.com
"Детский сад ""ESSENTIALS""","ул. Наурызбай батыра, 127","87017858888, 87017858888",детский сад,alimkhanovaadel@gmail.com
"Детский сад ""Joy Art Education""","ул. Тажибаевой, 180","87712321232, 87272512244",детский сад,detsad.radost2024@mail.ru
"ЦЕНТР ДЕТСКОГО ОБРАЗОВАНИЯ ""KIDS PLANET""","ул. Абулхайр-хан, 39","87773059703, 87027183322",детский сад,abilai_92_30@mail.ru
"Образовательный центр ""Солнечный Город""","мкр. Мамыр-4, 177",,детский сад,
"Детский сад ""Altyn Gasyr_KZ""","мкр. Мамыр-7, 21","87766300599, 87766300599",детский сад,tauyenova.gulnaz@mail.ru
"Детский сад ""Alem Baby""","мкр. Мамыр-4, 207","87778186141, 87273186141",детский сад,shark.rafael.87@mail.ru
"Детский сад ""Kids Club -Детский клуб""","ул. Мырзагалиева, 43в","87012113305, 87012113305",детский сад,info@kids-club.kz
"Детский сад ""Akademkids""","мкр. Мамыр-4, 85а","87083233132, 87476713953",детский сад,Akademkids20@gmail.com
"Детский сад ""Бэби_клуб""","мкр. Мамыр-7, 8/4","87054440066, 87272515530",детский сад,Kaparjv007007@gmail.com
"Детский сад ""Asylym kids""","ул. Сыйластық, 14",,детский сад,
Детский Творческий Центр «Ириска»,"мкр. Мамыр-4, 162","87051305101, 87051305101",детский сад,welcome_1980@mail.ru
"Детский сад ""Lion Garden""","мкр. Алмас, 57а","87474291411, 87474291411",детский сад,Aruzhan.dulatkyzy@bk.ru
"Детский садик ""Чебурашка""","мкр. Алтын бесик, 177","87077293049, 87072213140",детский сад,Kymbat.khamitova.2020@bk.ru
Детский центр «УМКА» на Берегового,"мкр. 10, 23б","87771865694, 87771865694",дошкольный мини-центр,umka_kazbek.bi@mail.ru
"Детский сад ""Умка Сад""","мкр. Мамыр-4, 166","87023472047, 87272555467",детский сад,olgadays76@mail.ru
"Детский сад ""Жан Бөпе - 1""","ул. Щепеткова, 113/3","87788799813, 87788799813",детский сад,galym0406@mail.ru
"Детский сад ""Nargiza & Co""","мкр. Мамыр 4, 5","87075464605, 87756770720",детский сад,bakir.nargizll@gmail.com
"Детский сад ""МЕГА КИДС""","ул. Садовникова, 35","87018886091, 87018886091",детский сад,madina_u@mail.ru
"Детский сад ""АҚӘЛЕМ 2""","ул. Пролетарская, 15","87017088707, 87017088707",детский сад,sad_bolashaq@mail.ru
"Детский сад ""Нұр-Ариман 1""","мкр. Мамыр 4, 145А","87017186825, 87017186825",детский сад,b.1961.5@mail.ru
"Детский сад ""Нэмо""","мкр. Атамекен, 163А","87087668657, 87772745588",детский сад,blisbekova@gmail.com
"Детский сад ""Таргап А&K""","мкр. Мамыр 4, 128","87072424787, 87072424787",детский сад,bakon07@mail.ru
"Детский сад ""Білім балалар орталығы""","мкр. Атамекен, 163А","87474016138, 87474016138",детский сад,zhadon89@mail.ru
"Детский сад ""Нурислам""","мкр. Мамыр-4, 212","87786842126, 87786842126",детский сад,nur_sad2017@mail.ru
"Детский сад ""KIDS Academy Kamila""","ул. Утеген батыра, 122","87770200098, 87272557350",детский сад,kids-academy-kamila@mail.ru
"Детский сад ""Altyn URPAQ""","мкр. Шабыт, 21","87001012210, 87001012210",детский сад,nurkalieva.i@mail.ru
"Детский сад ""BORI Company""","мкр. Мамыр-4, 121а","87077554997, 87077554997",детский сад,balalem_babyclub@mail.ru
"Детский сад ""Baby boom education""","ул. Дауленова, 25","87478702470, 87024697928",детский сад,coldstyle-727@mail.ru
"Детский сад ""ZERDESH""","мкр. Атамекен, 113","87479550665, 87252555755",детский сад,zere.kinder@gmail.com
"Детский сад ""Antaress Kids""","мкр. Мамыр-4, 156","87787773357, 87787773357",детский сад,antaress.kids.80@mail.ru
"Детский сад ""Kun ai""","ул. Шаймерденова, 27/33","87078087531, 87078087531",детский сад,aigera_juman@mail.ru
"Детский сад ""Лаяна К""","ул. Бутина, 5","87078787014, 87078787014",детский сад,Layana_balabaksha@mail.ru
"Детский сад ""AlemKids""","ул. Жантурина, 21","87017471666, 87017471666",детский сад,alemkids@mail.ru
"Мини-центр ""Новое поколение""","мкр. Мамыр 7, 8/1","87772682860, 87772682860",дошкольный мини-центр,jana_urpaq@mail.ru
"Детский сад ""Асемгул-1""","мкр. Алтын Бесик, 53","87781028678, 87781028678",детский сад,nagimaumirbekova70@mail.ru
"Детский сад ""Romashka kinder""","ул. Трудовая, 64А","87025509998, 87025509998",детский сад,l.Zavrenbekova@mail.ru
"Детский сад ""Ar Kids""","мкр. Мамыр-4, 117/7","87057051044, 87057051044",детский сад,Z.zhanakbaeva@bk.ru
"Мини-центр ""ДиДи2016"" (филиал)","мкр. Мамыр-7, 8/1","87077557746, 87077557746",дошкольный мини-центр,dabyltaeva@bk.ru
"Мини-центр ""Хотейка""","мкр. Мамыр 4, 16а","87078406338, 87078406338",дошкольный мини-центр,xoteika16@mail.ru
"Детский сад ""Asem-A7""","ул. Каргалинская, 64А","87772475870, 87012321102",детский сад,naz-ik@inbox.ru
"Детский сад ""Талант""","мкр. Атамекен, 245","87081442511, 87081442511",детский сад,talant.dc@mail.ru
"Детский сад ""Асем-гул""","мкр. Мамыр-4, 205","87473336432, 87028233536",детский сад,gulmira.shaukh.01@bk.ru
"Детский-ясли сад ""Береке - 2020""","мкр. Атамекен, 33/1","87055432916, 87055432916",детский сад,bereke2020@mail.ru
"Детский сад ""iBópe""","мкр. Баянаул, 8","87052736026, 87052736026",детский сад,ainursabyrgalieva@gmail.com
"Детский сад ""Unicus Kids""","ул. Шаймерденова, 17т","87012600888, 87012600888",детский сад,ksushin@mail.ru
"Детский сад ""DARA kids""","мкр. Куаныш, 27","87777777155, 87272569652",детский сад,zhainakorea@gmail.com
"Детский сад ""Jy'ldyz-AI""","ул. Ыкылас, 8Б","87079999592, 87071177733",детский сад,too.jyldyz-ai@mail.ru
"Детский сад ""Солнечный лучик""","мкр. Мамыр 4, 86","87058763486, 87058763486",детский сад,solnechnyyluchik.23@mail.ru
"Мини-центр ""i.Bala""","мкр. Мамыр 4, 18","87073193872, 87273800096",дошкольный мини-центр,zhumabekova-samal@mail.ru
"Детский сад ""Ар-Дана""","ул. Нурмаханова, 30","87017119373, 87272971714",детский сад,szauresh@mail.ru
"Мини-центр ""Хотейка""","мкр. Мамыр 4, 203а","87078406338, 87273817704",дошкольный мини-центр,xoteika16@mail.ru
"Детский сад ""Островок знаний""","ул. Мырзагалиева, 53","87772110666, 87273093321",детский сад,dinara.nulanovna@mail.ru
"Детский сад ""Эврика""","мкр. Мамыр 4, 4Б","87074968111, 87074968111",детский сад,guleke.o@mail.ru
"Детский сад ""Mama House""","мкр. Алмас, 201","87078205005, 87472858225",детский сад,detsadzhanali@mail.ru
"Мини-центр ""Алем-ГА""","мкр. Атамекен, 61","87016576677, 87016576677",детский сад,kgmakos@mail.ru
"Детский сад ""Звезда-Али-Ясина""","ул. Жексенбаева, 52","87085817791, 87472593095",детский сад,sad.yasina@bk.ru
"Детский сад ""ДиДи2016""","Территория СТ Ветеран, 21","87017557746, 87017557746",детский сад,dabyltaeva@bk.ru
"Детский сад ""Antaress kids-2""","мкр. Алмас, 106","87000808553, 87000808553",детский сад,anar.zhumash@inbox.ru
"Детский сад ""BalaSiti""","мкр. Атамекен, 121","87019841201, 87019841201",детский сад,balasiti@mail.ru
"Детский сад ""ҚОНЖЫҚ""","мкр. Мамыр 4, 148 А","87076445788, 87273816341",детский сад,miskakov010988@gmail.com
"Детский сад ""УМКА""","мкр. Мамыр-4, 57А","87776899527, 87272555467",детский сад,umka_kazbek.bi@mail.ru
"Учебно-воспитательный центр ""Өркен""","мкр. Астана, 5","87017847313, 87272261100",детский сад,orkenbakshasy@gmail.ru
"Детский сад ""АЙ-БАЛА""","ул. Садовникова, 61","87753854604, 87272496397",дошкольный мини-центр,nisa_03@mail.ru
"Детский сад ""ЛОЛО""","мкр. Атамекен, 123","87751049323, 87751049323",детский сад,lolo_kindergarten@mail.ru
"Детский сад ""BalaPanda KZ""","ул. Адилова, 11","87751474999, 87751474999",детский сад,balapanda.kz02@mail.ru
"Детский сад ""Мегаполис детства""","мкр. Алмас, 239","87012251838, 87474161180",детский сад,bakit-12@mail.ru
"Детский сад ""KARSHAL""","мкр. Атамекен, 33","87011118495, 87272555142",детский сад,ds.wonderland@mail.ru
"Центр дошкольного образования ""Дастур"" (филиал)","мкр. Мамыр-4, 119","87076856960, 87014797060",детский сад,filialdastur@mail.ru
"Детский сад ""Айсана""","мкр. Алмас, 134","87078385555, 87272931501",детский сад,Janna.9999@mail.ru
Центр дошкольного образования «Дастур»,"мкр. Мамыр 7, 8Д","87015318232, 87026837878",детский сад,omarovdarkhan@gmail.com
"Детский сад ""Капельки Счастья""","мкр. Куаныш, 56","87019810813, 87272639689",детский сад,bestcompany08@mail.ru
"Детский сад ""Zere""","мкр. 3, 72","87770091222, 87012222161",детский сад,gkalekeev@mil.ru
"Детский сад ""Қарлығаш""","мкр. Алтын Бесик, 168","87078744888, 87078744888",детский сад,sveta_usenbaeva@mail.ru
"Образовательный центр ""Арайлым""","мкр. Баянаул, 40","87078160000, 87078160000",детский сад,arailym.aimaty@mail.ru
"Детский сад ""Р. Мұрагер""","мкр. Мамыр 4, 149","87784183842, 87779306633",детский сад,Erubaevazhanar@list.ru
"Мини-центр ""Лучик""","пр. Райымбека, 482ж","87780002635, 87780002635",детский сад,Luchuk.00@mail.ru
"Детский сад ""Нұр Сәби""","мкр. Аксай 1А, 10в","87011135685, 87272271854",детский сад,nazym.25.90@mail.ru
Детский сад «Еркежан»,"мкр. Алтын бесік, 223","87711202220, 87272306838",детский сад,Erkezhansad@mail.ru
"Детский сад ""Білім""","мкр. Мамыр 4, 4б","87474016138, 87076039493",детский сад,zhadon89@mail.ru
"Детский сад ""ЗАЙКА ФИЛИАЛ""","ул. Аманжол, 6","87758934101, 87273296713",детский сад,zaikasadik@bk.ru
Ақниет Образовательный Центр,"мкр. Мамыр 4, 58","87027711040, 87076078004",детский сад,aigera_juman@mail.ru
"Детский сад ""Дамодара""","ул. Садовникова, 186","87071010134, 87071010134",детский сад,damodarakz@yandex.ru
"Детский сад ""Байтемировы""","мкр. Алтын бесік, 189","87714213724, 87714213724",детский сад,kbaitemirova@mail.ru
Центр развития личности «Теремок»,"ул. Мустай Карим, 1а","87777665096, 87272555300",детский сад,alist79@mail.ru
"Детский сад ""i.Bala 2""","мкр. Мамыр 4, 18","87073197832, 87273800096",детский сад,zhumabekova-samal@mail.ru
"Детский Центр ""Умка""","мкр. Аксай 3а, 85","87071899154, 87273816757",дошкольный мини-центр,center.umka@mail.ru
"Детский сад ""Alina-kids-1""","мкр. Мамыр-4, 210","87078187939, 87272333239",детский сад,chke_1956@mail.ru
"Детский образовательный центр ""Умка""","ул. Сулейменова, 26В","87777022242, 87273013498",дошкольный мини-центр,centrumka@bk.ru
"Детский сад ""NURJANAR""","ул. Центральная, 153","87072340500, 87072340500",детский сад,monti-club@mail.ru
"Мини-центр ""AlibiNurAru""","ул. Саттарханова, 3","87017991635, 87017991635",дошкольный мини-центр,aizere_sad@mail.ru
"Детский сад ""Ару kids""","мкр. Алмас, 201","87078744888, 87078744888",дошкольный мини-центр,sveta_usenbaeva@mail.ru
"Детский сад ""Зере ""","мкр. Атамекен, 70Б","87478440270, 87272555573",детский сад,kristina_kulakova_1995@bk.ru
"Детский сад ""Вундеркинд Л и Г""","ул. Бутина, 13","87017222804, 87273176751",детский сад,vunderkind08@mail.ru
"Детский сад ""Тимас компани""","мкр. Атамекен, 33/1","87757993398, 87272555350",детский сад,mtalgatm@mail.ru
"Детский сад ""Dameli MK""","мкр. Жетысу-3, 59","87771017728, 87273098878",детский сад,Medeo.1@mail.ru
"Детский сад ""ДОЦ-Керемет""","мкр. Мамыр-4, 72","87017997739, 87273816328",детский сад,keremet_kz@mail.ru
"Детский сад ""Дияр""","ул. Акжунис, 9а","87762602183, 87762602183",детский сад,diana83_kz@mail.ru
"Детский сад ""СТУПЕНЬКИ""","мкр. Аксай-2, 70А","87019262111, 87272688723",детский сад,stupenki75@mail.ru
"Детский сад ""СӘТТІЛІК & БОЛАШАҚ""","мкр. Мамыр 3, 3А","87077916031, 87272551632",детский сад,aset97@mail.ru
"Детский сад ""АЛИМ""","мкр. 2, 7А","87078800293, 87272771385",детский сад,detsadalim@mail.ru
"Детский сад ""Қонжықтар""","ул. Римова, 11","87071115508, 87071115508",детский сад,alia_konaev@mail.ru
"Детский сад ""Айналайын""","ул. Мырзагалиева, 44","87771501570, 87272397778",детский сад,detsad.2005@mail.ru
"Детский сад ""РАДУГА-Land""","ул. Тохтарова, 6","87077022092, 87077022092",детский сад,raduga.land@mail.ru
"Детский сад ""ШамШер""","мкр. Мамыр 4, 128","87078303404, 87272515530",детский сад,akdyrmayeva@gmail.com
"Детский сад ""Бэйби-Ленд""","ул. Ыкылас, 26/1","87775698107, 87272472575",детский сад,madishak@inbox.ru
"Мини-центр ""Айнур-86""","мкр. Жетысу 2, 2А","87074655773, 87272265271",дошкольный мини-центр,lunasolnse91@mail.ru
"Детский сад ""ЕЛАМАН""""","мкр. Баянаул, 56","87017370563, 87273979353",детский сад,zaikasadik@bk.ru
"Детский сад ""Сакобай""","ул. Трудовая, 58","87784385704, 87273818435",детский сад,Julds@mail.ru
"Детский сад "" ТОЦ Өнер ""","ул. Мухамеджанова, 42","87476304202, 87272391319",детский сад,orynbassarova_93@mail.ru
"Мини-центр ""Үкілі Үміт""","мкр. 3, 9А","87077357589, 87472735664",дошкольный мини-центр,ukili_umit@mail.ru
"Детский сад ""Садок ltd""","мкр. Алмас, 172","87017809396, 87017809396",детский сад,son_ekaterina@mail.ru
"Мини-центр ""АйДиНур""","мкр. Мамыр 4, 156","87471770666, 87471770666",дошкольный мини-центр,bkulambaeva@mail.ru
"Детский сад ""Алтын Алма""","мкр. Атамекен, 192","87071295988, 87272556171",детский сад,vip.altynalma@mail.ru
Детский сад «Kids Club – Детский клуб»,"Территория СТ Ветеран, 5","87012113305, 87012113305",детский сад,info@kids-club.kz
"Детский сад ""Мир детства 1""","мкр. Баянаул, 40","87077558888, 87077558888",детский сад,temirbek.raushan@mail.ru
"Детский сад ""ДИАР""","2-й мкр., 40Г","87473399737, 87272553522",детский сад,marina_73t@mail.ru
"Детский сад ""Айсәт""","ул. Әнет баба, 37","87789442028, 87272272331",детский сад,kenesbaevam@list.ru
"Детский сад ""Мир Детства""","ул. Цветочная, 1/4","87772829292, 87272931488",детский сад,botagoz@mir-detstva.kz
"Детский сад ""Родничок-4""","ул. Набережная, 43","87029042224, 87272450379",детский сад,Sadik-rodnichok4@mail.ru
"Детский сад ""Жан -Дария""","ул. Акшагыл, 23","87472707593, 87472707593",детский сад,dariya.abdibek.14@bk.ru
"Детский сад ""Алтын Болашақ""","ул. Фаризы Онгарсыновой, 106","87021359825, 87075931808",детский сад,rano.r@mail.ru
"Образовательный центр ""Алладин""","ул. Кокшокы, 6а","87075858918, 87075858918",детский сад,Alladin.sadik@mail.ru
"Детский сад ""Адилек""","ул. Аханова, 58","87073511656, 87073511656",ясли-сад,detsad_adilek2017@mail.ru
"Детский сад ""Қошақан""","ул. Наурызбаева, 35","87071056113, 87071056113",детский сад,koshakan_2018@mail.ru
"Детский сад ""Ботақан""","ул. Центральная, 70/1","87001250695, 87001250695",детский сад,xalykbergen@mail.ru
"Детский ясли-сад ""Қонжық""","ул. Доспанова, 13","87054340944, 87072340944",детский сад,detsadkonzhyk@mail.ru
"Детский сад ""HappyLand""","ул. Степная, 11А","87079969216, 87079969216",детский сад,a.zhakebayeva@mail.ru
"Детский сад ""Ақсұнқар""","ул. Игілік, 11","87074449431, 87074449431",детский сад,erkemai4ik@mail.ru
"Детский сад ""Тоғжан даму""","ул. Жети Казына, 13","87072264129, 87273164700",детский сад,Togzhand@mail.ru
"Мини-центр ""СОЛНЫШКО""","ул. Жағалтай, 8/1","87784617967, 87784617967",дошкольный мини-центр,baia-daria@mail.ru
"Детский сад ""Алпамыс 2010""","ул. Ерменсай, 9/1","87475571233, 87272471339",детский сад,akma_10.07@mail.ru
"Детский сад ""Ертарғын""","ул. Арқалық, 19/6","87077040861, 87077040861",детский сад,lsalykzhan@mail.ru
"Детский сад ""Хан-Тәңірі-7""","ул. Василия Бенберина, 38/1","87022300000, 87022300000",детский сад,madik149@mail.ru
"Детский сад ""Жеті Бата""","ул. Чойбалсана, 7","87773533655, 87273811281",детский сад,medeuova_asel@mail.ru
"Мини-центр ""Акимбекова""","ул. Аркалык, 19/1","87028949469, 87028949469",дошкольный мини-центр,Akimbekova08@mail.ru
"Детский сад ""Бексұлтан 7""","ул. Кокжайлау, 7","87027308024, 87027308024",детский сад,beksultan-7_2017@mail.ru
"Детский сад ""Үкі""","ул. Жалантос Бахадур, 47","87756122988, 87273953515",детский сад,dana_74@mail.ru
"Детский сад ""Балауса""","ул. Ахметова, 30","87472286601, 87273860500",детский сад,nurbekov02@mail.ru
"Детский сад ""Роза""","ул. Аубакирова, 118","87773533655, 87272459772",детский сад,roza.ds@mail.ru
"Детский сад ""Алди-Ерке-1"" (филиал)","мкр. Туркестан, 77","87015999888, 87015999888",балабақша,zhanna-nurlan@mail.ru
Детский сад «КinderVille»,"ул. Жеруйык, 18","87776801591, 87714577885",детский сад,kinderville.detsad@gmail.com
"Детский сад ""Нұр-Сәт1""","ул. Абылай хан, 10","87074813682, 87772657440",детский сад,anara-kaira@mail.ru
"Детский сад ""Baby Center""","ул. Талдыарал, 3","87756515569, 87471147348",детский сад,milena_22_11@mail.ru
"Детский-сад ""Аяла""","ул. Аркалык, 52А","87028949469, 87028949469",детский сад,Akimbekova08@mail.ru
"Детский сад ""Аян-Ай""","ул. Жидели, 42","87014060931, 87014060931",детский сад,aian_ai@mail.ru
"Детский сад ""Мерей компани""","ул. Текес, 67","87014044424, 87014044424",детский сад,tursunbekova_81@mail.ru
"Детский сад ""БАҚЫТ АРАЛШЫҚ - ОСТРОВОК СЧАСТЬЯ""","ул. Молодежная, 91","87018880345, 87029580105",детский сад,8478111@gmail.com
"Мини-центр ""Баурай""","ул. Өтемісұлы, 111","87070043587, 87070043587",дошкольный мини-центр,bauray.bauray@mail.ru
"ТОО ""Нұр-Раян-1""","ул. Ахметова, 38","87473293265, 87016377292",детский сад,nkaynbaeva@mail.ru
"Детский сад ""Молдир-2""","ул. Жанкожа батыр, 73","87057790007, 87051581321",детский сад,too_moldir88@mail.ru
"Детский сад ""С. Ақерке""","ул. Еспаева, 80/1","87714891615, 87021009929",детский сад,akerke.c@mail.ru
"ТОО ""Ниет 7""","ул. Аханова, 4/6","87026662876, 87026662876",дошкольный мини-центр,makpal_149@mail.ru
"Детский сад ""Шаңырақ"" (филиал)","ул. Отемисулы, 161Б","87473317041, 87029742378",детский сад,sadik660101@mail.ru
"Детский сад ""Ай-Күн"" (филиал)","мкр. Нуркент, 5/26","87027465555, 87075388010",детский сад,nur70.00@mail.ru
"Детский сад ""Ерке""","ул. Ахметова, 57","87072213140, 87072213140",детский сад,kymbat.khamitova.2020@bk.ru
"Мини-центр ""Kindergarten Montessori""","ул. Уркер, 19/105","87017060082, 87017060082",дошкольный мини-центр,dakot88@mail.ru
"ТОО ""Күн Шуақ2""","мкр. Шанырак, 68","87079858487, 87079858487",дошкольный мини-центр,eaika1987@mail.ru
"Детский сад ""БАҚЫТТЫ BABY""","мкр. Мадениет, 238","87078162204, 87474115393",детский сад,bayttybaby@mail.ru
"Детский сад ""Биғайша""","ул. Бекболата, 29/1","87028000999, 87273840054",детский сад,sadik.bigajsha@bk.ru
"Детский сад ""Жан бөпе""","ул. Еспаев, 80","87074347902, 87074347902",детский сад,too.janbope@mail.ru
"Детский сад ""БАЛ ДАУРЕН ШАК""","ул. Ақбұлақ, 35а","87071754901, 87272758583",детский сад,shattyk290486@mail.ru
"Детский сад ""ERKETAI-2""","ул. Талбесик, 32","87077207555, 87272450701",детский сад,det_sad_erketai@mail.ru
"Мини-центр ""Акбота К.Н.""","ул. Бабыр, 4","87783677220, 87783677220",дошкольный мини-центр,too_akbota2017@mail.ru
"Детский сад ""Балдырган""","ул. Жалайыри, 8/1","87478364439, 87478064439",детский сад,kalykulova1991@gmail.com
"Детский сад ""Aisad Company""","ул. Еспаева, 73","87075415418, 87272707800",детский сад,aisad.kindergarden@gmail.com
"Детский сад ""ИБОСИК""","ул. Байтенова, 102","87471183499, 87273938286",детский сад,sadvakacova_@mail.ru
"Детский сад ""Арша""","ул. Тауелсиздик, 1","87755165436, 87755165436",детский сад,Arsha77777@mail.ru
"Детский сад ""Арман""","мкр. Мадениет, 288/30","87473882860, 87071025420",детский сад,arman.bb.18@mail.ru
"Детский сад ""Ашамай""","ул. Ушкын, 17","87078028876, 87272976362",детский сад,zhexembekova1962@mail.ru
"Детский сад ""Erketai""","ул. Талбесик, 65","87077207555, 87272450701",детский сад,det_sad_erketai@mail.ru
"Детский сад ""Зерде-2""","ул. Тайконыр, 41","87076167995, 87076167995",детский сад,saule_03.76@mail.ru
"ТОО ""Шалқар Алматы Бөбекжай Балабақшасы""","ул. Памирская, 7","87756726633, 87273017633",ясли-сад,saulgul@mail.ru
Детский сад «Ақбота К»,"ул. Фаризы Онгарсыновой, 78","87054642345, 87273079291",детский сад,Akbota.K.bb@bk.ru
"Детский сад ""Кун Шуак-М""","ул. Туймебаева, 68","87479290382, 87479290382",детский сад,Metod_aigul2017@mail.ru
"Детский сад ""Ақ-Патша""","ул. Мамбетова, 150","87762228651, 87718476393",детский сад,akpatsha787@mail.ru
"Детский сад ""Тұмар-А""","Квартал Жаңа құрылыс, 211","87474531190, 87273195278",детский сад,tumar_160418@mail.ru
"Детский сад ""Еламан 2020""","ул. Балпық би, 18/1","87071169540, 87273934397",дошкольный мини-центр,SHAKECOM@MAIL.RU
Детский сад «Ертөстік»,"ул. Доспановой, 26","87071228781, 87071228781",детский сад,too-imran@mail.ru
"Детский сад ""Молдир Булак 2018""","ул. Наурызбаева, 33","87012251838, 87474161180",детский сад,bakit-12@mail.ru
"Детский сад ""Венера""","ул. Сапиева, 6","87027308015, 87027308015",дошкольный мини-центр,beksultan_7@mail.ru
"Детский сад ""Раушан Аяла""","ул. Атырау, 4","87479582092, 87479582092",детский сад,adlet_raushan.love@mail.ru
"Детский сад ""Нұр Бөбегі""","ул. Доспанова, 17","87088588968, 87088588968",детский сад,nurbobegi_dsad@mail.ru
"ТОО ""Жұлдызым"" детский сад ""Тарлан""","ул. Тастобе, 16","87017880503, 87017880503",детский сад,zh.shakirova@mail.ru
"Детский сад ""АЙГОЛЕК""","ул. Балкудык, 6/1","87077573380, 87077573380",детский сад,venera1980@mail.ru
"Мини-центр ""ЕЛАМАН-КЫЗЫР""","ул. Чуланова, 83","87473173651, 87770143340",дошкольный мини-центр,sadik.elaman@bk.ru
"Детский сад ""Айша""","ул. Ақтілек, 8","87011414696, 87011414696",детский сад,uldar.edilova.60@mail.ru
"Детский сад ""Жанерке"" (филиал)","ул. Аркалык, 19Б","87024294343, 87071011643",детский сад,lsalykzhan@mail.ru
Детский сад «Азя»,"ул. Байтенева, 129","87019254958, 87272454594",детский сад,sadvakacova_@mail.ru
Детский сад «Бакуня»,"ул. Центральная, 165","87027588825, 87027588825",детский сад,bakunya_sadik@mail.ru
"Детский сад ""Лаяна""","ул. Койтас, 17","87078787014, 87273850840",детский сад,layana_balabaksha@mail.ru
"Детский сад ""Оспан 05""","ул. Жапсарбаева, 45","87024469176, 87272454154",детский сад,baimuxanova1976@mail.ru
"Детский сад ""ОЦ ""Аяна""","ул. Талдыарал, 12а","87782682023, 87782682023",детский сад,oc_ayana@mail.ru
"Детский сад ""Нұр Болашақ""","ул. Онгарсыновой, 15","87021359825, 87075931808",детский сад,ashykbolashak@mail.ru
"Детский сад ""АҚҚУ""","ул. Черемушки 2, 15а","87078076605, 87272940104",детский сад,uchkach58@mail.ru
"Детский сад ""Амирхан-А""","ул. Федченко, 17","87754887997, 87273813415",детский сад,ms.ms.Laura@mail.ru
"Детский сад ""Алуа Kids""","ул. Талдыарал, 12а","87077064687, 87077064687",детский сад,alua.kids@mail.ru
"Детский сад ""Еркемай""","ул. Доспанова, 22","87478260989, 87081735976",детский сад,meiramgul-86@mail.ru
"Детский сад ""Болашақ и Со""","ул. Казтуган Жырау, 21","87478721494, 87478721494",детский сад,bolashak.too@gmail.com
"Детский сад ""Зерде""","ул. Тайконыр, 41","87076167995, 87076167995",детский сад,ali.gulshat@mail.ru
Детский сад «Baby Балдаурен»,"ул.Беделбай, 4","87479388198, 87479388198",детский сад,Babybaldauren@mail.ru
Детский сад «Родничок»,"ул. Аптечная, 22","87753196247, 87272450379",,fatya_hishanlo@mail.ru
"Детский сад ""Айто-К""","ул. Балтабай, 74","87074949231, 87273818435",детский сад,erik77a@mail.ru
"Детский сад ""Мәржол""","ул. Арқалық, 68","87073320393, 87714631418",детский сад,bauray.sad@mail.ru
"Детский сад ""Ledi Di""","ул. Османова, 1Д","87025612756, 87025612756",детский сад,2563811@mail.ru
Детский сад «i.Сәби»,"ул. Бегазы, 1в","87028414506, 87028414506",детский сад,I.sabi@list.ru
"Детский сад ""Күнбағыс""","ул. Магистральная, 17","87087697020, 87754180055",детский сад,kunbagis-k@mail.ru
"ТОО детский сад ""Бала-Дария""","ул. Онгарсынова, 184А","87013197081, 87013197081",детский сад,bala-dariya@mail.ru
Детский сад «Акбопе»,"Мамытов көш., 94/13","87029742378, 87029742378",детский сад,sadik660101@gmail.com
"Детский сад ""Жас сұңқар""","ул. Центральная, 1/23","87077040861, 87077040861",детский сад,lsalykzhan@mail.ru
"ТОО детский сад ""Төре - Зере""","ул. Текес, 79","87021021024, 87476578380",детский сад,tore.zere.84@bk.ru
"Детский сад ""Нур-Даурен""","ул. Отемисулы, 26","87014808084, 87272458740",детский сад,nur-dauren-sad@mail.ru
"ТОО мини-центр ""АльДамиРам""","ул. Юсупа Цунвазо, 11","87078397376, 87272450671",детский сад,aldamiram@mail.ru
"ТОО ""Микитоша""","ул. Азаттык, 11","87772688828, 87272459025",детский сад,Layilay.n@mail.ru
"ТОО детский сад ""Akuna Matata""","ул. Аралкум, 6","87471808145, 87017799145",детский сад,akuna_sad@mail.ru
"детский сад ""Адина""","ул. Тауасарова, 68","87024469176, 87024469176",детский сад,baimuxanova1976@mail.ru
"ТОО детский сад ""Құралай Кидс""","ул. Доспанова, 20","87082353935, 87272212808",детский сад,quralai_kids@mail.ru
"детский сад ""Балдаурен""","ул. Айналмалы, 138","87078529836, 87078529836",детский сад,baldauren_sadik@bk.ru
"ТОО детский сад ""KINDERLY""","ул. Шубартал, 3","87781818105, 87781818105",детский сад,Sholpanjan.90@mail.ru
"ТОО детский сад ""Тәтті балақай""","ул. Арқалық, 7","87056104488, 87056104488",детский сад,tattibalaqai@gmail.com
"ТОО детский сад ""АдиРай""","ул. Алпамыс, 125/1","87079305861, 87079305861",детский сад,bota_1516@mail.ru
"ТОО детский сад ""Медина-2""","ул. Керуен, 33","87773088885, 87773088885",детский сад,medina2-balabakwwasy21@mail.ru
"ТОО ""Детский сад Бекося""","ул. Курти, 18","87076167995, 87076167995",детский сад,bekasyl.detsadik@mail.ru
"ТОО детский сад ""Шаңырақ-2 Балабақша""","ул. Рахимова, 67","87759837600, 87759837600",детский сад,ainura_nur84@mail.ru
"ТОО детский сад ""ALDAR GROUP""","ул. Туймебаева, 67","87478640569, 87471586809",детский сад,erlan_91mgm@mail.ru
"ТОО детский сад ""Кең әлем""","ул. Акшагыл, 2/1","87024514067, 87024514067",детский сад,makpalsapieva@gmail.com
"ТОО детский сад ""Nursila kids""","ул. Балкарагай, 3","87083935625, 87077064687",детский сад,nursila.kids@mail.ru
"ТОО детский сад ""Хан-9""","ул. Аркалык, 25/1","87027308024, 87027308024",детский сад,Beksultan-7_2017@mail.ru
"ТОО детский сад ""Ақтілек_С""","ул. Бертайкызы, 44","87071137066, 87071137066",детский сад,Julds@mail.ru
"ТОО детский сад ""Шахназар Н""","ул. Жанаарка, 25","87024023228, 87272684733",детский сад,shah.sadik@bk.ru
"ТОО детский сад ""ZAM-ZAM.KZ""","ул. Шектибай, 613","87478018858, 87478018858",детский сад,zam-zam.kz@bk.ru
"ТОО детский сад ""Aibala-2020""","ул. Аркалык, 76","87476668387, 87476668387",детский сад,biglsinkelisken@gmail.com
"детский сад ""Sabi English""","ул. Байтерекова, 29","87077772208, 87077971040",детский сад,dostyk-atp@mail.ru
"ТОО детский сад ""Інжу BABY LAND""","ул. Жанкожа батыр, 156","87079858487, 87079858487",детский сад,kunsh19@mail.ru
"ТОО мини-центр ""УОЦ ""Медина""","ул. Айналмалы, 141","87773088885, 87773088885",детский сад,medina_kaz@mail.ru
"ТОО ""Буген""","ул. Новостройка, 4","87476169943, 87476169943",детский сад,Bugen_Kaz@mail.ru
"ТОО мини-центр ""Еркеназ 1""","ул. Казмис 1, 132","87475913485, 87475913485",детский сад,aselhan2019@mail.ru
"Детский сад ""BoBo""""","ул. Акшагыл, 28/3","87018273333, 87018273333",детский сад,saulebai1010@gmail.com
"детский сад ""AIZARA""","ул. Байдібек би, 134","87473293265, 87016377292",детский сад,nkaynbaeva@mail.ru
"""Aykorkem"" балабақшасы","ул. Серикбаева, 32","87014044424, 87273701254",детский сад,Gul-jan85@mail.ru
"ТОО мини-центр ""Балабақша Нұрислам""","ул. Жангельдина, 15","87476329935, 87476329935",детский сад,N_kamilla_@mail.ru
"ТОО детский сад ""Ханшайым и Б""","ул. Құрсары, 28","87027619461, 87273196231",детский сад,bulgyn.azerbayeva@bk.ru
"ТОО ""BAL-bala 1 балабақшасы""","ул. Туймебаева, 39","87024254079, 87024254079",детский сад,ainurlesovna@mail.ru
ТОО «Центр детского развития «Алгабас-2»,"Улица Фаризы Онгарсыновой, 148/2","87084928280, 87017839592",детский сад,gulnaz020202@mail.ru
"ТОО ""Балабакша ""Болашақ""","ул. Асанова, 77","87014191891, 87014191891",детский сад,balabaksha_bolashak@mail.ru
"ТОО ""Ясли сад ""Бекасыл""","ул. Агайынды Кожыковтар, 35а","87072100861, 87009976099",ясли-сад,bekasyl300919@mail.ru
"Детский Сад ""Baby boom""","ул. Макатаева, 14/2","87471141473, 87471141473",детский сад,M.Omirbaeva87@mail.ru
"ТОО ""Ай-Азель"" детский сад ""Ali-Bi""","ул. Омирзакова, 91","87475000622, 87475000622",детский сад,ai-azel@mail.ru
"ТОО детский сад ""Arsen-Ai""","ул. Жаухар, 5/1","87754499801, 87273079212",детский сад,bagdatov95@bk.ru
ТОО «Кенжегали и Т»,"ул. Торебек Османова, 5А","87018260760, 87018260760",детский сад,kenzhegali.i.k@mail.ru
"детский сад ""Азима"" (филиал)","ул. Еспаева, 74","87088588968, 87758978939",детский сад,nurbobegi_dsad@mail.ru
"ТОО ""Детский сад Родничок-3"" (филиал)","ул. Кожаберген Жырау, 17","87753196247, 87753196247",детский сад,fatya_hishanlo@mail.ru
"ТОО детский сад ""NAZ""","ул. Тойшыбек Батыр, 68","87479290382, 87479290382",детский сад,Metod_aigul2017@mail.ru
"детский сад ""Sanya""","ул. Жетысу квартал, 58","87017191315, 87018470188",детский сад,sanya-detsad@mail.ru
"детский сад ""Самұрық""","ул. Касыма Шарипова, 83","87088588968, 87758978939",детский сад,too_baiterek_kids@mail.ru
ТОО «Центр детского развития «Алгабас-2» (филиал),"ул. Естемесова, 2","87082257923, 87017839592",детский сад,gulnaz020202@mail.ru
"ТОО детский сад ""Mia Bambini""","мкр. Аккент, 23","87074823559, 87074823559",детский сад,mia.bambini@mail.ru
"детский сад ""Айым"" (филиал)","мкр. Дарабоз, 55","87075424204, 87273860500",детский сад,nurbekov02@mail.ru
"ТОО детский сад ""Танзила""","мкр. Ақкент, 44","87475058185, 87475058185",детский сад,almanbetovab@mail.ru
"ТОО детский сад ""Балашым 2""","ул. Отырарская, 15","87089742931, 87089742931",детский сад,balashym_alatau@mail.ru
"ТОО ""детский сад Зейн""","ул. Багаева, 12","87076006648, 87076006648",детский сад,zeyin.sadik@gmail.com
"ТОО детский сад ""Адэль и К""","ул. Мугалжар, 23","87077101797, 87077101797",детский сад,detskyi_sad_adelik@mail.ru
"ТОО детский сад ""Biznes-Academy""","ул. Үкілім, 4","87055386647, 87055386647",детский сад,Biznes_academy@mail.ru
"ТОО детский сад ""Baby Academia""","ул. Жас отау, 8","87752151624, 87752151624",детский сад,baby-academy1312@mail.ru
"ТОО детский сад ""Ақназар-1""","ул. Доспанова, 43","87026644982, 87026644982",детский сад,aknazar_balabakshasy@mail.ru
"ТОО ""Детский сад Алан""","ул. Мамытова, 65","87022300000, 87022300000",детский сад,azizokkkkk@mail.ru
"ТОО детский сад ""Satti Amina""","ул. Шамелова, 39","87073479933, 87073479933",детский сад,dimah2007@mail.ru
"ТОО ""Zangar балабақшасы""","ул. Касыма Шарипова, 168","87753520418, 87753520418",детский сад,asilka995@mail.ru
"ТОО детский сад ""Bal-Balam""","ул. Сейдолла Байтерекова, 101","87775903887, 87775903887",детский сад,sholpan_18@mail.ru
ТОО Ясли сад «Happy kids»,"ул. Кожаберген Жырау, 19","87476660236, 87476660236",детский сад,shattik_95_123@mail.ru
"ТОО детский сад ""БАЛ САПАР""","ул. Чуланова, 83","87474480125, 87474480125",детский сад,balsapar_balabakshasy@mail.ru
"ТОО ""Даркан К Н"" детский сад ""Торсык""","ул. Аубакирова, 124","87753363786, 87753363786",детский сад,dkokabayev@bk.ru
"ТОО ""Болашақ АН"" детский сад ""Айтұмар kids""","ул. Бегазы, 24","87759837600, 87758698117",детский сад,aitumarkids@mail.ru
"ТОО ""Ailin2021"" детский сад ""Айгөлек""","ул. Нурмаханова, 49","87076369036, 87076369036",детский сад,aigul_smagulova_2022@mail.ru
"ТОО детский сад ""ДАРИЯ Kids""","ул. Жанкожа батыр, 156","87759279087, 87759279087",детский сад,dariya.kids@bk.ru
"ТОО ""Детский сад Ақсұнкар""","ул. Сыздыкова, 52а","87017995221, 87017995221",детский сад,nur1115@mail.ru
"ТОО ""Зейін балабақшасы""","ул. Бердыгулова, 186","87079414730, 87079414730",детский сад,zein.sadik@gmail.com
"ТОО детский сад ""Раяна-Н""","ул. Бойтумар, 19","87477560661, 87477560661",детский сад,rayana.detskiysad.21@mail.ru
"ТОО ""Ясли-сад ""Түймеқыз""","ул. Бекболата, 20","87471538443, 87471538443",детский сад,dream7.85@mail.ru
"ТОО детский сад ""МуслимХАН-ХАН""","ул. Тупкараган, 56","87478220000, 87072026096",детский сад,bota.kenzheshova@bk.ru
"ТОО детский сад ""KinderVille"" (новый)","ул. Бестөре, 58","87714577885, 87272470211",детский сад,kinderville.detsad@gmail.com
"ТОО детский сад ""ZhanKids""","ул. Туздыкол, 2","87078729768, 87078729768",детский сад,daumbakovavenera@gmail.com
"ТОО детский сад ""БАҚ-ИСЛАМ""","ул. Ақшағыл, 41","87076369036, 87076369036",детский сад,erkinkyzy_2016@mail.ru
"ТОО детский сад ""Ақниет&Айым""","ул. Жаналык, 8","87028949469, 87028949469",детский сад,akimbekova08@mail.ru
"ТОО ""НҰҚ"" детский сад ""Бақ""","ул. Утемисова, 111","87719893251, 87719893251",детский сад,bak_2023@mail.ru
"ТОО детский сад ""Бақыт нұры""","ул. Кожаберген Жырау, 19","87758198289, 87085410491",детский сад,aseka0522@mail.com
"ТОО детский сад ""Еркеназ 1""","ул. Туйемойнак, 47а","87754873777, 87475913485",детский сад,aselhan2019@mail.ru
"ТОО детский сад ""Royal Kids""","ул. Аркалык, 31","87052686725, 87052686725",детский сад,aslan@olzha.com
"ТОО детский сад ""G-Aisha""","ул. Ахрименко, 49г","87057288954, 87057288954",детский сад,z.zhado@inbox.ru
"ТОО детский сад ""Сержан- К""","ул. Аркалык, 6/1","87475057975, 87073006298",детский сад,azamat_kids@mail.ru
"ТОО детский сад ""As-salyam 2""","ул. Калжана Нурмаханова, 37","87478466504, 87478466504",детский сад,aigera_juman@mail.ru
"ТОО детский сад ""ZANGAR"" kindergarten""","ул. Орбұлақ, 94","87472719912, 87472719912",детский сад,Nasnur_72_72@mail.ru
"ТОО детский сад ""Бала, бала, балақай!""","ул. Куанышбаева, 98","87053995008, 87053995008",детский сад,zhazira.abuova.76@mail.ru
"ТОО детский сад ""Nur Kids""","ул. Егинсу, 3","87756939243, 87058671107",детский сад,nur-kids@mail.ru
"ЧУ ясли сад ""НҰР-РАЯН KZ""","ул. Сухамбаева, 23","87019360608, 87272505122",ясли-сад,Nur_raian_kz@mail.ru
"ТОО ""Балабақша Еркемай""","ул. Доспанова, 4/1","87478260989, 87478260989",детский сад,meiramgul-86@mail.ru
"ТОО ""Балабакша АкКанат""","ул. Багаева, 22","87471616561, 87471616561",детский сад,saekeeva1970@mail.ru
"ТОО ""Частное учреждение образования Детский сад ""BoBo""","ул. Акшагыл, 30","87018273333, 87018273333",детский сад,saulebai1010@MAIL.RU
"ТОО ""Эрудит balabaqsha""","ул. Немировича-Данченко, 27","87057229020, 87057229020",детский сад,erudit.sad@mail.ru
"ТОО ""Балдаурен 5""","ул. Акбастау, 81","87071193006, 87071193006",детский сад,aynagul.chaldanbayeva@bk.ru
"ТОО ""Алинұр балабақшасы""","ул. Османова, 81","87077915633, 87077915633",детский сад,alinur_balabakshasy_2024@mail.ru
"ТОО ""Еркетай Үміт 2""","ул. Мамбетова, 79","87757725994, 87757725994",детский сад,rayan30_01@icioud.com
"ТОО ""Хамza""","ул. Арқалық, 19/1","87000888995, 87078088995",детский сад,Ametbaeva_marzhan@mail.ru
"ТОО ""Aitore 2015""","ул. Койшибаевой, 119А","87472225490, 87472225490",детский сад,aitore-2015@mail.ru
"ТОО ""АҚСАУЛЕ 2023""","мкр. Туркестан, 77","87074485570, 87074485570",детский сад,inkar_12@mail.ru
"ТОО детский сад ""KAZYNA-868""","ул. Егинсу, 19","87077101797, 87077101797",детский сад,too_kazyna-868@mail.ru
"ТОО ""Даминосик""","ул. Доспанова, 14","87006815967, 87006815967",детский сад,aizada.omarhan01@gmail.com
"ТОО детский сад ""Білім Мекені""","ул. К. Нурпеисова, 26","87079332937, 87478046822",детский сад,damira.kzz@mail.kz
"ТОО детский сад ""Томирис kindergarten""","ул. Шынкожа батыр, 40","87773005214, 87076846022",детский сад,tomiriskindergarten@gmail.ru
"ТОО детский сад ""Жасмин Kids""","ул. Аруана, 4а","87474790467, 87474790467",детский сад,jasmin_kids@list.ru
"ТОО детский сад ""А-Айкерім""","ул. Байырқұм, 6","87085346739, 87085346739",детский сад,bota_06.94@mail.ru
"ТОО детский сад ""BB DAmir""","ул. Асанова, 7","87479582092, 87479582092",детский сад,damir.bb@bk.ru
"ТОО ""Әміртай""","ул. Азаттық, 67","87024368534, 87024368534",детский сад,ashat_tb@mail.ru
"ТОО детский сад """"АрДос-kids""""","ул. Омирзакова, 45","87473189372, 87473189372",детский сад,ardos-sad@mail.ru
"ТОО детский сад ""УВЦ ""Дара бала""""","ул. Балтабай, 34","87754883828, 87754883828",детский сад,foodmoly@mail.ru
"ТОО детский сад ""DAXX GROUP""","ул. Жиренкөл, 25","87018470188, 87273420102",детский сад,sanya-detsad@mail.ru
"ТОО ""SUN8"" детский сад ""ALUA""","ул. Алматинская, 40","87775900888, 87775900888",детский сад,koibagarova-g@mail.ru
"ТОО ""Детский сад ""Мың бала Алматы""","ул. Казтуган Жырау, 29/1","87076602011, 87079335616",детский сад,mynbala2023@gmail.com
"ТОО детский сад ""Altai Kanas""","улица Еримбетова, 32","87017586981, 87017586981",детский сад,altay.balabakshasy@mail.ru
"ТОО детский сад ""Жанбота Н.С.""","ул. Серікбаев, 2","87079305861, 87079305861",детский сад,bota_1516@mail.ru
"ТОО ""Балдырған әлемі балабақшасы""","ул. Байтерекова, 36","87474178938, 87474178938",детский сад,albina.yerbolovna@gmail.com
"ТОО ""Аруна С"" детский сад ""Tompi kids""","ул. Грановского, 7","87017806480, 87273527080",детский сад,arunacc@mail.ru
"ТОО ""ЗереЖан 2020"", Детский сад ""БалаLand""","ул. Прокофьева, 173","87478142141, 87478142141",детский сад,makpal_mak_1986@mail.ru
"ТОО ""Детский сад Хан""","ул. Розыбакиева, 9","87075533537, 87478844851",детский сад,ail_220222@mail.ru
"ТОО ""Биржан К"" Детский сад «Говорун»","ул. Байзакова, 244","87759933766, 87759933766",детский сад,detsad_govorun@mail.ru
"ТОО ""Доминант групп"" детский сад «Little&big»","ул. Гоголя, 87б","87079882758, 87079882758",детский сад,ligail1968@gmail.com
"ТОО ""ARAI-KA"" , детский сад ARAIkids","ул. Толе би, 171","87789999495, 87789999495",детский сад,Araikids171@inbox.ru
"ТОО ""ЯСЛИ САД ЖАНҰЯ-2022""","ул. Тургут Озала, 151","87078317317, 87078317317",ясли-сад,mur.81@mail.ru
"ТОО детский сад ""Goodvel""",,"87783678888, 87273670017",детский сад,info@goodvel.kz
"АО детский сад ""Бахус""","ул. Карасай Батыра, 175","87017121405, 87273755453",детский сад,nurcolosok@mail.ru
"У-е детский сад при ""Международный колледж непрерывного образования""","ул. Панфилова, 138а","87073634472, 87272799273",детский сад,anjela_g@bk.ru
"ТОО ""AA-SUN"" детский сад ""Айналайын""","ул. Есенжанова, 15","87017761812, 87272682985",детский сад,aa-sun@mail.ru
ТОО детский сад «Семья Baby»,"ул. Клочкова, 28/191","87772304304, 88727317208",детский сад,alena.ustinova.88@list.ru
"ЧУО ""Детский учебно-воспитательный центр ""Дара""","ул. Клочкова, 28/191А","87019532670, 87475813236",детский сад,urist-s@mail.ru
"ТОО ""OlzhaS pluS"" Детский сад ""Ивушка""",,"87012822082, 87272275368",детский сад,dou_ivushka@mail.ru
"ИП детский сад ""Disneyland's Almaty""","пр. Абая, 193","87777770018, 87473214170",детский сад,Natali_7131@mail.ru
"ТОО ""Дошкольный учебно-воспитательный центр ""ДОСТАР""","ул. Досмухамедова, 4/6","87055740504, 87272331429",детский сад,dostar2008@mail.ru
"ТОО ""Детский сад ""Alma Kids""","ул. Жумалиева, 55","87754009469, 87273295530",детский сад,zav.bastau@cmab.kz
"ТОО частный детский сад ""Зайка Весновка""","ул. Кожамкулова, 149","87017370563, 87017370563",детский сад,zaikasadik@bk.ru
"УО детский сад ""Голубой парус""","ул. Панфилова, 52","87017459341, 87272795173",детский сад,bluesail@mail.ru
"ТОО ""Кокжиек Алима Kids"" детский сад ""ИНКАР"" (филиал)","ул. Грановского, 32","87781514746, 87076127758",детский сад,inkar_sadik@mail.ru
"ТОО ""детский сад ""Асыл Мура""","ул. Богенбай батыра, 314а","87078224340, 87273743533",детский сад,asylmura2017@mail.ru
"ТОО детский сад ""Ерке Line""","ул. Муканова, 180","87017238166, 87017238166",детский сад,detsad.yerkeline@mail.ru
"ТОО ""SK education company"" детский сад ""SMART KIDS""","ул. Айтиева, 41","87017999828, 87273759040",детский сад,smart-kids.kz@mail.ru
"ТОО Детский Сад ""Радость Детства""","ул. Розыбакиева, 29а","87071307070, 87272431515",детский сад,detsad.radost2019@mail.ru
"ТОО мини-центр ""УМКА центр""","ул. Казыбек би, 139","87776899527, 87776899527",дошкольный мини-центр,umka_kazbek.bi@mail.ru
"ТОО детский сад ""Ай-бала""","ул. Тлендиева, 215","87753854604, 87272254183",детский сад,nisa_03@mail.ru
"ТОО ""СОВЁНОК"" детский сад ""Арман""","ул. Байзакова, 34","87029227405, 87029227405",детский сад,korkem.14@bk.ru
